# This file uses centimeters as units for non-parametric coordinates.

mtllib FloatingIsland_2_WIP1.mtl
g default
v -57.551228 60.551086 -115.674164
v -55.551239 60.551086 -115.674164
v -53.551231 60.551086 -115.674164
v -51.551231 60.551086 -115.674164
v -49.551239 60.551086 -115.674164
v -47.551228 60.551086 -115.674164
v -45.551239 60.551086 -115.674164
v -43.551231 60.551086 -115.674164
v -41.551231 60.551086 -115.674164
v -39.551228 60.551086 -115.674164
v -37.551231 60.551086 -115.674164
v -57.551228 62.193237 -115.674164
v -55.551239 62.193237 -115.674164
v -53.551231 62.193237 -115.674164
v -51.551231 62.193237 -115.674164
v -49.551239 62.193237 -115.674164
v -47.551228 62.193237 -115.674164
v -45.551239 62.193237 -115.674164
v -43.551231 62.193237 -115.674164
v -41.551231 62.193237 -115.674164
v -39.551228 62.193237 -115.674164
v -37.551231 62.193237 -115.674164
v -57.551228 63.835392 -115.674164
v -55.551239 63.835392 -115.674164
v -53.551231 63.835392 -115.674164
v -51.551231 63.835392 -115.674164
v -49.551239 63.835392 -115.674164
v -47.551228 63.835392 -115.674164
v -45.551239 63.835392 -115.674164
v -43.551231 63.835392 -115.674164
v -41.551231 63.835392 -115.674164
v -39.551228 63.835392 -115.674164
v -37.551231 63.835392 -115.674164
v -57.551228 65.477547 -115.674164
v -55.551239 65.477547 -115.674164
v -53.551231 65.477547 -115.674164
v -51.551231 65.477547 -115.674164
v -49.551239 65.477547 -115.674164
v -47.551228 65.477547 -115.674164
v -45.551239 65.477547 -115.674164
v -43.551231 65.477547 -115.674164
v -41.551231 65.477547 -115.674164
v -39.551228 65.477547 -115.674164
v -37.551231 65.477547 -115.674164
v -57.551228 67.119698 -115.674164
v -55.551239 67.119698 -115.674164
v -53.551231 67.119698 -115.674164
v -51.551231 67.119698 -115.674164
v -49.551239 67.119698 -115.674164
v -47.551228 67.119698 -115.674164
v -45.551239 67.119698 -115.674164
v -43.551231 67.119698 -115.674164
v -41.551231 67.119698 -115.674164
v -39.551228 67.119698 -115.674164
v -37.551231 67.119698 -115.674164
v -57.551228 68.761848 -115.674164
v -55.551239 68.761848 -115.674164
v -53.551231 68.761848 -115.674164
v -51.551231 68.761848 -115.674164
v -49.551239 68.761848 -115.674164
v -47.551228 68.761848 -115.674164
v -45.551239 68.761848 -115.674164
v -43.551231 68.761848 -115.674164
v -41.551231 68.761848 -115.674164
v -39.551228 68.761848 -115.674164
v -37.551231 68.761848 -115.674164
v -57.551228 70.403999 -115.674164
v -55.551239 70.403999 -115.674164
v -53.551231 70.403999 -115.674164
v -51.551231 70.403999 -115.674164
v -49.551239 70.403999 -115.674164
v -47.551228 70.403999 -115.674164
v -45.551239 70.403999 -115.674164
v -43.551231 70.403999 -115.674164
v -41.551231 70.403999 -115.674164
v -39.551228 70.403999 -115.674164
v -37.551231 70.403999 -115.674164
v -57.551228 76.972610 -115.674164
v -55.551239 76.972610 -115.674164
v -53.551231 76.972610 -115.674164
v -51.551231 76.972610 -115.674164
v -49.551239 76.972610 -115.674164
v -47.551228 76.972610 -115.674164
v -45.551239 76.972610 -115.674164
v -43.551231 76.972610 -115.674164
v -41.551231 76.972610 -115.674164
v -39.551228 76.972610 -115.674164
v -37.551231 76.972610 -115.674164
v -57.551228 76.972610 -117.674171
v -55.551239 76.972610 -117.674171
v -53.551231 76.972610 -117.674171
v -51.551231 76.972610 -117.674171
v -49.551239 76.972610 -117.674171
v -47.551228 76.972610 -117.674171
v -45.551239 76.972610 -117.674171
v -43.551231 76.972610 -117.674171
v -41.551231 76.972610 -117.674171
v -39.551228 76.972610 -117.674171
v -37.551231 76.972610 -117.674171
v -57.551228 76.972610 -119.674179
v -55.551239 76.972610 -119.674179
v -53.551231 76.972610 -119.674179
v -51.551231 76.972610 -119.674179
v -49.551239 76.972610 -119.674179
v -47.551228 76.972610 -119.674179
v -45.551239 76.972610 -119.674179
v -43.551231 76.972610 -119.674179
v -41.551231 76.972610 -119.674179
v -39.551228 76.972610 -119.674179
v -37.551231 76.972610 -119.674179
v -57.551228 76.972610 -121.674171
v -55.551239 76.972610 -121.674171
v -53.551231 76.972610 -121.674171
v -51.551231 76.972610 -121.674171
v -49.551239 76.972610 -121.674171
v -47.551228 76.972610 -121.674171
v -45.551239 76.972610 -121.674171
v -43.551231 76.972610 -121.674171
v -41.551231 76.972610 -121.674171
v -39.551228 76.972610 -121.674171
v -37.551231 76.972610 -121.674171
v -57.551228 76.972610 -123.674164
v -55.551239 76.972610 -123.674164
v -53.551231 76.972610 -123.674164
v -51.551231 76.972610 -123.674164
v -49.551239 76.972610 -123.674164
v -47.551228 76.972610 -123.674164
v -45.551239 76.972610 -123.674164
v -43.551231 76.972610 -123.674164
v -41.551231 76.972610 -123.674164
v -39.551228 76.972610 -123.674164
v -37.551231 76.972610 -123.674164
v -57.551228 76.972610 -125.674164
v -55.551239 76.972610 -125.674164
v -53.551231 76.972610 -125.674164
v -51.551231 76.972610 -125.674164
v -49.551239 76.972610 -125.674164
v -47.551228 76.972610 -125.674164
v -45.551239 76.972610 -125.674164
v -43.551231 76.972610 -125.674164
v -41.551231 76.972610 -125.674164
v -39.551228 76.972610 -125.674164
v -37.551231 76.972610 -125.674164
v -57.551228 76.972610 -127.674171
v -55.551239 76.972610 -127.674171
v -53.551231 76.972610 -127.674171
v -51.551231 76.972610 -127.674171
v -49.551239 76.972610 -127.674171
v -47.551228 76.972610 -127.674171
v -45.551239 76.972610 -127.674171
v -43.551231 76.972610 -127.674171
v -41.551231 76.972610 -127.674171
v -39.551228 76.972610 -127.674171
v -37.551231 76.972610 -127.674171
v -57.551228 76.972610 -129.674164
v -55.551239 76.972610 -129.674164
v -53.551231 76.972610 -129.674164
v -51.551231 76.972610 -129.674164
v -49.551239 76.972610 -129.674164
v -47.551228 76.972610 -129.674164
v -45.551239 76.972610 -129.674164
v -43.551231 76.972610 -129.674164
v -41.551231 76.972610 -129.674164
v -39.551228 76.972610 -129.674164
v -37.551231 76.972610 -129.674164
v -57.551228 76.972610 -131.674164
v -55.551239 76.972610 -131.674164
v -53.551231 76.972610 -131.674164
v -51.551231 76.972610 -131.674164
v -49.551239 76.972610 -131.674164
v -47.551228 76.972610 -131.674164
v -45.551239 76.972610 -131.674164
v -43.551231 76.972610 -131.674164
v -41.551231 76.972610 -131.674164
v -39.551228 76.972610 -131.674164
v -37.551231 76.972610 -131.674164
v -57.551228 76.972610 -133.674164
v -55.551239 76.972610 -133.674164
v -53.551231 76.972610 -133.674164
v -51.551231 76.972610 -133.674164
v -49.551239 76.972610 -133.674164
v -47.551228 76.972610 -133.674164
v -45.551239 76.972610 -133.674164
v -43.551231 76.972610 -133.674164
v -41.551231 76.972610 -133.674164
v -39.551228 76.972610 -133.674164
v -37.551231 76.972610 -133.674164
v -57.551228 76.972610 -135.674164
v -55.551239 76.972610 -135.674164
v -53.551231 76.972610 -135.674164
v -51.551231 76.972610 -135.674164
v -49.551239 76.972610 -135.674164
v -47.551228 76.972610 -135.674164
v -45.551239 76.972610 -135.674164
v -43.551231 76.972610 -135.674164
v -41.551231 76.972610 -135.674164
v -39.551228 76.972610 -135.674164
v -37.551231 76.972610 -135.674164
v -57.551228 70.403999 -135.674164
v -55.551239 70.403999 -135.674164
v -53.551231 70.403999 -135.674164
v -51.551231 70.403999 -135.674164
v -49.551239 70.403999 -135.674164
v -47.551228 70.403999 -135.674164
v -45.551239 70.403999 -135.674164
v -43.551231 70.403999 -135.674164
v -41.551231 70.403999 -135.674164
v -39.551228 70.403999 -135.674164
v -37.551231 70.403999 -135.674164
v -57.551228 68.761848 -135.674164
v -55.551239 68.761848 -135.674164
v -53.551231 68.761848 -135.674164
v -51.551231 68.761848 -135.674164
v -49.551239 68.761848 -135.674164
v -47.551228 68.761848 -135.674164
v -45.551239 68.761848 -135.674164
v -43.551231 68.761848 -135.674164
v -41.551231 68.761848 -135.674164
v -39.551228 68.761848 -135.674164
v -37.551231 68.761848 -135.674164
v -57.551228 67.119698 -135.674164
v -55.551239 67.119698 -135.674164
v -53.551231 67.119698 -135.674164
v -51.551231 67.119698 -135.674164
v -49.551239 67.119698 -135.674164
v -47.551228 67.119698 -135.674164
v -45.551239 67.119698 -135.674164
v -43.551231 67.119698 -135.674164
v -41.551231 67.119698 -135.674164
v -39.551228 67.119698 -135.674164
v -37.551231 67.119698 -135.674164
v -57.551228 65.477547 -135.674164
v -55.551239 65.477547 -135.674164
v -53.551231 65.477547 -135.674164
v -51.551231 65.477547 -135.674164
v -49.551239 65.477547 -135.674164
v -47.551228 65.477547 -135.674164
v -45.551239 65.477547 -135.674164
v -43.551231 65.477547 -135.674164
v -41.551231 65.477547 -135.674164
v -39.551228 65.477547 -135.674164
v -37.551231 65.477547 -135.674164
v -57.551228 63.835392 -135.674164
v -55.551239 63.835392 -135.674164
v -53.551231 63.835392 -135.674164
v -51.551231 63.835392 -135.674164
v -49.551239 63.835392 -135.674164
v -47.551228 63.835392 -135.674164
v -45.551239 63.835392 -135.674164
v -43.551231 63.835392 -135.674164
v -41.551231 63.835392 -135.674164
v -39.551228 63.835392 -135.674164
v -37.551231 63.835392 -135.674164
v -57.551228 62.193237 -135.674164
v -55.551239 62.193237 -135.674164
v -53.551231 62.193237 -135.674164
v -51.551231 62.193237 -135.674164
v -49.551239 62.193237 -135.674164
v -47.551228 62.193237 -135.674164
v -45.551239 62.193237 -135.674164
v -43.551231 62.193237 -135.674164
v -41.551231 62.193237 -135.674164
v -39.551228 62.193237 -135.674164
v -37.551231 62.193237 -135.674164
v -57.551228 60.551086 -135.674164
v -55.551239 60.551086 -135.674164
v -53.551231 60.551086 -135.674164
v -51.551231 60.551086 -135.674164
v -49.551239 60.551086 -135.674164
v -47.551228 60.551086 -135.674164
v -45.551239 60.551086 -135.674164
v -43.551231 60.551086 -135.674164
v -41.551231 60.551086 -135.674164
v -39.551228 60.551086 -135.674164
v -37.551231 60.551086 -135.674164
v -57.551228 60.551086 -133.674164
v -55.551239 60.551086 -133.674164
v -53.551231 60.551086 -133.674164
v -51.551231 60.551086 -133.674164
v -49.551239 60.551086 -133.674164
v -39.551228 60.551086 -133.674164
v -37.551231 60.551086 -133.674164
v -57.551228 60.551086 -131.674164
v -55.551239 60.551086 -131.674164
v -39.551228 60.551086 -131.674164
v -37.551231 60.551086 -131.674164
v -57.551228 60.551086 -129.674164
v -39.551228 60.551086 -129.674164
v -37.551231 60.551086 -129.674164
v -57.551228 60.551086 -127.674171
v -55.551239 60.551086 -127.674171
v -39.551228 60.551086 -127.674171
v -37.551231 60.551086 -127.674171
v -57.551228 60.551086 -125.674164
v -55.551239 60.551086 -125.674164
v -37.551231 60.551086 -125.674164
v -57.551228 60.551086 -123.674164
v -55.551239 60.551086 -123.674164
v -37.551231 60.551086 -123.674164
v -57.551228 60.551086 -121.674171
v -37.551231 60.551086 -121.674171
v -57.551228 60.551086 -119.674179
v -37.551231 60.551086 -119.674179
v -57.551228 60.551086 -117.674171
v -55.551239 60.551086 -117.674171
v -53.551231 60.551086 -117.674171
v -51.551231 60.551086 -117.674171
v -49.551239 60.551086 -117.674171
v -47.551228 60.551086 -117.674171
v -37.551231 60.551086 -117.674171
v -37.551231 62.193237 -133.674164
v -37.551231 62.193237 -131.674164
v -37.551231 62.193237 -129.674164
v -37.551231 62.193237 -127.674171
v -37.551231 62.193237 -125.674164
v -37.551231 62.193237 -123.674164
v -37.551231 62.193237 -121.674171
v -37.551231 62.193237 -119.674179
v -37.551231 62.193237 -117.674171
v -37.551231 63.835392 -133.674164
v -37.551231 63.835392 -131.674164
v -37.551231 63.835392 -129.674164
v -37.551231 63.835392 -127.674171
v -37.551231 63.835392 -125.674164
v -37.551231 63.835392 -123.674164
v -37.551231 63.835392 -121.674171
v -37.551231 63.835392 -119.674179
v -37.551231 63.835392 -117.674171
v -37.551231 65.477547 -133.674164
v -37.551231 65.477547 -131.674164
v -37.551231 65.477547 -129.674164
v -37.551231 65.477547 -127.674171
v -37.551231 65.477547 -125.674164
v -37.551231 65.477547 -123.674164
v -37.551231 65.477547 -121.674171
v -37.551231 65.477547 -119.674179
v -37.551231 65.477547 -117.674171
v -37.551231 67.119698 -133.674164
v -37.551231 67.119698 -131.674164
v -37.551231 67.119698 -129.674164
v -37.551231 67.119698 -127.674171
v -37.551231 67.119698 -125.674164
v -37.551231 67.119698 -123.674164
v -37.551231 67.119698 -121.674171
v -37.551231 67.119698 -119.674179
v -37.551231 67.119698 -117.674171
v -37.551231 68.761848 -133.674164
v -37.551231 68.761848 -131.674164
v -37.551231 68.761848 -129.674164
v -37.551231 68.761848 -127.674171
v -37.551231 68.761848 -125.674164
v -37.551231 68.761848 -123.674164
v -37.551231 68.761848 -121.674171
v -37.551231 68.761848 -119.674179
v -37.551231 68.761848 -117.674171
v -37.551231 70.403999 -133.674164
v -37.551231 70.403999 -131.674164
v -37.551231 70.403999 -129.674164
v -37.551231 70.403999 -127.674171
v -37.551231 70.403999 -125.674164
v -37.551231 70.403999 -123.674164
v -37.551231 70.403999 -121.674171
v -37.551231 70.403999 -119.674179
v -37.551231 70.403999 -117.674171
v -57.551228 62.193237 -133.674164
v -57.551228 62.193237 -131.674164
v -57.551228 62.193237 -129.674164
v -57.551228 62.193237 -127.674171
v -57.551228 62.193237 -125.674164
v -57.551228 62.193237 -123.674164
v -57.551228 62.193237 -121.674171
v -57.551228 62.193237 -119.674179
v -57.551228 62.193237 -117.674171
v -57.551228 63.835392 -133.674164
v -57.551228 63.835392 -131.674164
v -57.551228 63.835392 -129.674164
v -57.551228 63.835392 -127.674171
v -57.551228 63.835392 -125.674164
v -57.551228 63.835392 -123.674164
v -57.551228 63.835392 -121.674171
v -57.551228 63.835392 -119.674179
v -57.551228 63.835392 -117.674171
v -57.551228 65.477547 -133.674164
v -57.551228 65.477547 -131.674164
v -57.551228 65.477547 -129.674164
v -57.551228 65.477547 -127.674171
v -57.551228 65.477547 -125.674164
v -57.551228 65.477547 -123.674164
v -57.551228 65.477547 -121.674171
v -57.551228 65.477547 -119.674179
v -57.551228 65.477547 -117.674171
v -57.551228 67.119698 -133.674164
v -57.551228 67.119698 -131.674164
v -57.551228 67.119698 -129.674164
v -57.551228 67.119698 -127.674171
v -57.551228 67.119698 -125.674164
v -57.551228 67.119698 -123.674164
v -57.551228 67.119698 -121.674171
v -57.551228 67.119698 -119.674179
v -57.551228 67.119698 -117.674171
v -57.551228 68.761848 -133.674164
v -57.551228 68.761848 -131.674164
v -57.551228 68.761848 -129.674164
v -57.551228 68.761848 -127.674171
v -57.551228 68.761848 -125.674164
v -57.551228 68.761848 -123.674164
v -57.551228 68.761848 -121.674171
v -57.551228 68.761848 -119.674179
v -57.551228 68.761848 -117.674171
v -57.551228 70.403999 -133.674164
v -57.551228 70.403999 -131.674164
v -57.551228 70.403999 -129.674164
v -57.551228 70.403999 -127.674171
v -57.551228 70.403999 -125.674164
v -57.551228 70.403999 -123.674164
v -57.551228 70.403999 -121.674171
v -57.551228 70.403999 -119.674179
v -57.551228 70.403999 -117.674171
v -49.551239 57.925961 -135.674164
v -47.551228 57.925961 -135.674164
v -47.551228 57.925961 -133.674164
v -49.551239 57.925961 -133.674164
v -45.551239 57.925961 -135.674164
v -45.551239 57.925961 -133.674164
v -43.551231 57.925961 -135.674164
v -43.551231 57.925961 -133.674164
v -41.551231 57.925961 -135.674164
v -41.551231 57.925961 -133.674164
v -39.551228 57.925961 -135.674164
v -39.551228 57.925961 -133.674164
v -55.551239 57.925961 -133.674164
v -53.551231 57.925961 -133.674164
v -55.551239 57.925961 -131.674164
v -51.551231 57.925961 -133.674164
v -39.551228 57.925961 -131.674164
v -57.551228 57.925961 -131.674164
v -55.551239 57.925961 -129.674164
v -57.551228 57.925961 -129.674164
v -39.551228 57.925961 -129.674164
v -55.551239 57.925961 -127.674171
v -57.551228 57.925961 -127.674171
v -39.551228 57.925961 -127.674171
v -55.551239 57.925961 -125.674164
v -39.551228 57.925961 -125.674164
v -37.551231 57.925961 -127.674171
v -37.551231 57.925961 -125.674164
v -55.551239 57.925961 -123.674164
v -39.551228 57.925961 -123.674164
v -37.551231 57.925961 -123.674164
v -57.551228 57.925961 -123.674164
v -55.551239 57.925961 -121.674171
v -57.551228 57.925961 -121.674171
v -39.551228 57.925961 -121.674171
v -37.551231 57.925961 -121.674171
v -55.551239 57.925961 -119.674179
v -57.551228 57.925961 -119.674179
v -39.551228 57.925961 -119.674179
v -37.551231 57.925961 -119.674179
v -55.551239 57.925961 -117.674171
v -57.551228 57.925961 -117.674171
v -53.551231 57.925961 -117.674171
v -51.551231 57.925961 -117.674171
v -49.551239 57.925961 -117.674171
v -47.551228 57.925961 -117.674171
v -45.551239 57.925961 -117.674171
v -43.551231 57.925961 -117.674171
v -41.551231 57.925961 -117.674171
v -39.551228 57.925961 -117.674171
v -37.551231 57.925961 -117.674171
v -45.551239 57.925961 -115.674164
v -47.551228 57.925961 -115.674164
v -43.551231 57.925961 -115.674164
v -41.551231 57.925961 -115.674164
v -39.551228 57.925961 -115.674164
v -37.551231 57.925961 -115.674164
v -55.551239 55.573639 -133.674164
v -53.551231 55.573639 -133.674164
v -53.551231 55.573639 -131.674164
v -55.551239 55.573639 -131.674164
v -51.551231 55.573639 -133.674164
v -51.551231 55.573639 -131.674164
v -49.551239 55.573639 -133.674164
v -47.551228 55.573639 -133.674164
v -45.551239 55.573639 -133.674164
v -43.551231 55.573639 -133.674164
v -43.551231 55.573639 -131.674164
v -41.551231 55.573639 -133.674164
v -41.551231 55.573639 -131.674164
v -39.551228 55.573639 -133.674164
v -39.551228 55.573639 -131.674164
v -53.551231 55.573639 -129.674164
v -55.551239 55.573639 -129.674164
v -41.551231 55.573639 -129.674164
v -39.551228 55.573639 -129.674164
v -53.551231 55.573639 -127.674171
v -55.551239 55.573639 -127.674171
v -51.551231 55.573639 -127.674171
v -39.551228 55.573639 -127.674171
v -53.551231 55.573639 -125.674164
v -55.551239 55.573639 -125.674164
v -51.551231 55.573639 -125.674164
v -49.551239 55.573639 -125.674164
v -47.551228 55.573639 -125.674164
v -39.551228 55.573639 -125.674164
v -55.551239 55.573639 -123.674164
v -51.551231 55.573639 -123.674164
v -49.551239 55.573639 -123.674164
v -47.551228 55.573639 -123.674164
v -41.551231 55.573639 -123.674164
v -39.551228 55.573639 -123.674164
v -55.551239 55.573639 -121.674171
v -49.551239 55.573639 -121.674171
v -47.551228 55.573639 -121.674171
v -45.551239 55.573639 -121.674171
v -43.551231 55.573639 -121.674171
v -41.551231 55.573639 -121.674171
v -39.551228 55.573639 -121.674171
v -53.551231 55.573639 -119.674179
v -55.551239 55.573639 -119.674179
v -51.551231 55.573639 -119.674179
v -49.551239 55.573639 -119.674179
v -47.551228 55.573639 -119.674179
v -45.551239 55.573639 -119.674179
v -43.551231 55.573639 -119.674179
v -41.551231 55.573639 -119.674179
v -39.551228 55.573639 -119.674179
v -53.551231 55.573639 -117.674171
v -55.551239 55.573639 -117.674171
v -51.551231 55.573639 -117.674171
v -49.551239 55.573639 -117.674171
v -47.551228 55.573639 -117.674171
v -45.551239 55.573639 -117.674171
v -43.551231 55.573639 -117.674171
v -41.551231 55.573639 -117.674171
v -39.551228 55.573639 -117.674171
v -51.551231 52.939510 -133.674164
v -49.551239 52.939510 -133.674164
v -49.551239 52.939510 -131.674164
v -51.551231 52.939510 -131.674164
v -47.551228 52.939510 -133.674164
v -47.551228 52.939510 -131.674164
v -45.551239 52.939510 -133.674164
v -45.551239 52.939510 -131.674164
v -43.551231 52.939510 -133.674164
v -43.551231 52.939510 -131.674164
v -53.551231 52.939510 -131.674164
v -51.551231 52.939510 -129.674164
v -53.551231 52.939510 -129.674164
v -49.551239 52.939510 -129.674164
v -47.551228 52.939510 -129.674164
v -43.551231 52.939510 -129.674164
v -41.551231 52.939510 -131.674164
v -41.551231 52.939510 -129.674164
v -51.551231 52.939510 -127.674171
v -53.551231 52.939510 -127.674171
v -49.551239 52.939510 -127.674171
v -47.551228 52.939510 -127.674171
v -45.551239 52.939510 -127.674171
v -43.551231 52.939510 -127.674171
v -41.551231 52.939510 -127.674171
v -39.551228 52.939510 -129.674164
v -39.551228 52.939510 -127.674171
v -49.551239 52.939510 -125.674164
v -51.551231 52.939510 -125.674164
v -47.551228 52.939510 -125.674164
v -45.551239 52.939510 -125.674164
v -41.551231 52.939510 -125.674164
v -39.551228 52.939510 -125.674164
v -45.551239 52.939510 -123.674164
v -47.551228 52.939510 -123.674164
v -43.551231 52.939510 -123.674164
v -41.551231 52.939510 -123.674164
v -39.551228 52.939510 -123.674164
v -45.551239 52.939510 -121.674171
v -47.551228 52.939510 -121.674171
v -43.551231 52.939510 -121.674171
v -41.551231 52.939510 -121.674171
v -43.551231 52.939510 -119.674179
v -45.551239 52.939510 -119.674179
v -55.551239 52.939510 -125.674164
v -53.551231 52.939510 -125.674164
v -53.551231 52.939510 -123.674164
v -55.551239 52.939510 -123.674164
v -51.551231 52.939510 -125.674164
v -51.551231 52.939510 -123.674164
v -53.551231 52.939510 -121.674171
v -55.551239 52.939510 -121.674171
v -49.551239 52.939510 -123.674164
v -49.551239 52.939510 -121.674171
v -53.551231 52.939510 -119.674179
v -55.551239 52.939510 -119.674179
v -51.551231 52.939510 -119.674179
v -49.551239 52.939510 -119.674179
v -47.551228 52.939510 -121.674171
v -47.551228 52.939510 -119.674179
v -47.551228 49.938114 -131.674164
v -45.551239 49.938114 -131.674164
v -47.551228 49.938114 -129.674164
v -43.551231 49.938114 -131.674164
v -43.551231 49.938114 -129.674164
v -45.551239 49.938114 -127.674171
v -47.551228 49.938114 -127.674171
v -43.551231 49.938114 -127.674171
v -43.551231 49.938114 -125.674164
v -45.551239 49.938114 -125.674164
v -41.551231 49.938114 -127.674171
v -41.551231 49.938114 -125.674164
v -43.551231 49.938114 -123.674164
v -45.551239 49.938114 -123.674164
v -41.551231 49.938114 -123.674164
v -53.551231 51.346142 -123.674164
v -51.551231 51.346142 -123.674164
v -51.551231 51.346142 -121.674171
v -53.551231 51.346142 -121.674171
v -49.551239 51.346142 -123.674164
v -49.551239 51.346142 -121.674171
v -51.551231 51.346142 -119.674179
v -53.551231 51.346142 -119.674179
v -49.551239 51.346142 -119.674179
v -47.551228 48.803749 -131.674164
v -45.551239 48.803749 -131.674164
v -45.551239 48.803749 -129.674164
v -47.551228 48.803749 -129.674164
v -43.551231 48.803749 -131.674164
v -43.551231 48.803749 -129.674164
v -45.551239 48.803749 -127.674171
v -47.551228 48.803749 -127.674171
v -43.551231 48.803749 -127.674171
v -43.551231 49.204720 -125.674164
v -41.551231 49.204720 -125.674164
v -41.551231 49.204720 -123.674164
v -43.551231 49.204720 -123.674164
v -45.551239 47.449482 -131.674164
v -43.551231 47.449482 -131.674164
v -43.551231 47.449482 -129.674164
v -45.551239 47.449482 -129.674164
v -47.551228 47.449482 -129.674164
v -45.551239 47.449482 -127.674171
v -47.551228 47.449482 -127.674171
v -43.551231 47.449482 -127.674171
v -45.551239 45.606316 -131.674164
v -43.551231 45.606316 -131.674164
v -43.551231 45.606316 -129.674164
v -45.551239 45.606316 -129.674164
v -59.608719 70.403999 -113.675476
v -57.197231 70.403999 -113.675476
v -57.197231 72.046150 -113.675476
v -59.608719 72.046150 -113.675476
v -54.785725 70.403999 -113.675476
v -54.785725 72.046150 -113.675476
v -52.374226 70.403999 -113.675476
v -52.374226 72.046150 -113.675476
v -49.962734 70.403999 -113.675476
v -49.962734 72.046150 -113.675476
v -47.551228 70.403999 -113.675476
v -47.551228 72.046150 -113.675476
v -45.139748 70.403999 -113.675476
v -45.139748 72.046150 -113.675476
v -42.728237 70.403999 -113.675476
v -42.728237 72.046150 -113.675476
v -40.316738 70.403999 -113.675476
v -40.316738 72.046150 -113.675476
v -37.905239 70.403999 -113.675476
v -37.905239 72.046150 -113.675476
v -35.493748 70.403999 -113.675476
v -35.493748 72.046150 -113.675476
v -57.197231 73.688301 -113.675476
v -59.608719 73.688301 -113.675476
v -54.785725 73.688301 -113.675476
v -52.374226 73.688301 -113.675476
v -49.962734 73.688301 -113.675476
v -47.551228 73.688301 -113.675476
v -45.139748 73.688301 -113.675476
v -42.728237 73.688301 -113.675476
v -40.316738 73.688301 -113.675476
v -37.905239 73.688301 -113.675476
v -35.493748 73.688301 -113.675476
v -57.197231 75.330460 -113.675476
v -59.608719 75.330460 -113.675476
v -54.785725 75.330460 -113.675476
v -52.374226 75.330460 -113.675476
v -49.962734 75.330460 -113.675476
v -47.551228 75.330460 -113.675476
v -45.139748 75.330460 -113.675476
v -42.728237 75.330460 -113.675476
v -40.316738 75.330460 -113.675476
v -37.905239 75.330460 -113.675476
v -35.493748 75.330460 -113.675476
v -57.197231 76.972610 -113.675476
v -59.608719 76.972610 -113.675476
v -54.785725 76.972610 -113.675476
v -52.374226 76.972610 -113.675476
v -49.962734 76.972610 -113.675476
v -47.551228 76.972610 -113.675476
v -45.139748 76.972610 -113.675476
v -42.728237 76.972610 -113.675476
v -40.316738 76.972610 -113.675476
v -37.905239 76.972610 -113.675476
v -35.493748 76.972610 -113.675476
v -59.608719 76.972610 -137.672852
v -57.197231 76.972610 -137.672852
v -57.197231 75.330460 -137.672852
v -59.608719 75.330460 -137.672852
v -54.785725 76.972610 -137.672852
v -54.785725 75.330460 -137.672852
v -52.374226 76.972610 -137.672852
v -52.374226 75.330460 -137.672852
v -49.962734 76.972610 -137.672852
v -49.962734 75.330460 -137.672852
v -47.551228 76.972610 -137.672852
v -47.551228 75.330460 -137.672852
v -45.139748 76.972610 -137.672852
v -45.139748 75.330460 -137.672852
v -42.728237 76.972610 -137.672852
v -42.728237 75.330460 -137.672852
v -40.316738 76.972610 -137.672852
v -40.316738 75.330460 -137.672852
v -37.905239 76.972610 -137.672852
v -37.905239 75.330460 -137.672852
v -35.493748 76.972610 -137.672852
v -35.493748 75.330460 -137.672852
v -57.197231 73.688301 -137.672852
v -59.608719 73.688301 -137.672852
v -54.785725 73.688301 -137.672852
v -52.374226 73.688301 -137.672852
v -49.962734 73.688301 -137.672852
v -47.551228 73.688301 -137.672852
v -45.139748 73.688301 -137.672852
v -42.728237 73.688301 -137.672852
v -40.316738 73.688301 -137.672852
v -37.905239 73.688301 -137.672852
v -35.493748 73.688301 -137.672852
v -57.197231 72.046150 -137.672852
v -59.608719 72.046150 -137.672852
v -54.785725 72.046150 -137.672852
v -52.374226 72.046150 -137.672852
v -49.962734 72.046150 -137.672852
v -47.551228 72.046150 -137.672852
v -45.139748 72.046150 -137.672852
v -42.728237 72.046150 -137.672852
v -40.316738 72.046150 -137.672852
v -37.905239 72.046150 -137.672852
v -35.493748 72.046150 -137.672852
v -57.197231 70.403999 -137.672852
v -59.608719 70.403999 -137.672852
v -54.785725 70.403999 -137.672852
v -52.374226 70.403999 -137.672852
v -49.962734 70.403999 -137.672852
v -47.551228 70.403999 -137.672852
v -45.139748 70.403999 -137.672852
v -42.728237 70.403999 -137.672852
v -40.316738 70.403999 -137.672852
v -37.905239 70.403999 -137.672852
v -35.493748 70.403999 -137.672852
v -35.493748 70.403999 -135.273132
v -35.493748 72.046150 -135.273132
v -35.493748 70.403999 -132.873367
v -35.493748 72.046150 -132.873367
v -35.493748 70.403999 -130.473633
v -35.493748 72.046150 -130.473633
v -35.493748 70.403999 -128.073914
v -35.493748 72.046150 -128.073914
v -35.493748 70.403999 -125.674164
v -35.493748 72.046150 -125.674164
v -35.493748 70.403999 -123.274429
v -35.493748 72.046150 -123.274429
v -35.493748 70.403999 -120.874680
v -35.493748 72.046150 -120.874680
v -35.493748 70.403999 -118.474960
v -35.493748 72.046150 -118.474960
v -35.493748 70.403999 -116.075226
v -35.493748 72.046150 -116.075226
v -35.493748 73.688301 -135.273132
v -35.493748 73.688301 -132.873367
v -35.493748 73.688301 -130.473633
v -35.493748 73.688301 -128.073914
v -35.493748 73.688301 -125.674164
v -35.493748 73.688301 -123.274429
v -35.493748 73.688301 -120.874680
v -35.493748 73.688301 -118.474960
v -35.493748 73.688301 -116.075226
v -35.493748 75.330460 -135.273132
v -35.493748 75.330460 -132.873367
v -35.493748 75.330460 -130.473633
v -35.493748 75.330460 -128.073914
v -35.493748 75.330460 -125.674164
v -35.493748 75.330460 -123.274429
v -35.493748 75.330460 -120.874680
v -35.493748 75.330460 -118.474960
v -35.493748 75.330460 -116.075226
v -35.493748 76.972610 -135.273132
v -35.493748 76.972610 -132.873367
v -35.493748 76.972610 -130.473633
v -35.493748 76.972610 -128.073914
v -35.493748 76.972610 -125.674164
v -35.493748 76.972610 -123.274429
v -35.493748 76.972610 -120.874680
v -35.493748 76.972610 -118.474960
v -35.493748 76.972610 -116.075226
v -59.608719 70.403999 -135.273132
v -59.608719 72.046150 -135.273132
v -59.608719 70.403999 -132.873367
v -59.608719 72.046150 -132.873367
v -59.608719 70.403999 -130.473633
v -59.608719 72.046150 -130.473633
v -59.608719 70.403999 -128.073914
v -59.608719 72.046150 -128.073914
v -59.608719 70.403999 -125.674164
v -59.608719 72.046150 -125.674164
v -59.608719 70.403999 -123.274429
v -59.608719 72.046150 -123.274429
v -59.608719 70.403999 -120.874680
v -59.608719 72.046150 -120.874680
v -59.608719 70.403999 -118.474960
v -59.608719 72.046150 -118.474960
v -59.608719 70.403999 -116.075226
v -59.608719 72.046150 -116.075226
v -59.608719 73.688301 -135.273132
v -59.608719 73.688301 -132.873367
v -59.608719 73.688301 -130.473633
v -59.608719 73.688301 -128.073914
v -59.608719 73.688301 -125.674164
v -59.608719 73.688301 -123.274429
v -59.608719 73.688301 -120.874680
v -59.608719 73.688301 -118.474960
v -59.608719 73.688301 -116.075226
v -59.608719 75.330460 -135.273132
v -59.608719 75.330460 -132.873367
v -59.608719 75.330460 -130.473633
v -59.608719 75.330460 -128.073914
v -59.608719 75.330460 -125.674164
v -59.608719 75.330460 -123.274429
v -59.608719 75.330460 -120.874680
v -59.608719 75.330460 -118.474960
v -59.608719 75.330460 -116.075226
v -59.608719 76.972610 -135.273132
v -59.608719 76.972610 -132.873367
v -59.608719 76.972610 -130.473633
v -59.608719 76.972610 -128.073914
v -59.608719 76.972610 -125.674164
v -59.608719 76.972610 -123.274429
v -59.608719 76.972610 -120.874680
v -59.608719 76.972610 -118.474960
v -59.608719 76.972610 -116.075226
vt 0.375000 0.000000
vt 0.400000 0.000000
vt 0.425000 0.000000
vt 0.450000 0.000000
vt 0.475000 0.000000
vt 0.500000 0.000000
vt 0.525000 0.000000
vt 0.550000 0.000000
vt 0.575000 0.000000
vt 0.600000 0.000000
vt 0.625000 0.000000
vt 0.375000 0.025000
vt 0.400000 0.025000
vt 0.425000 0.025000
vt 0.450000 0.025000
vt 0.475000 0.025000
vt 0.500000 0.025000
vt 0.525000 0.025000
vt 0.550000 0.025000
vt 0.575000 0.025000
vt 0.600000 0.025000
vt 0.625000 0.025000
vt 0.375000 0.050000
vt 0.400000 0.050000
vt 0.425000 0.050000
vt 0.450000 0.050000
vt 0.475000 0.050000
vt 0.500000 0.050000
vt 0.525000 0.050000
vt 0.550000 0.050000
vt 0.575000 0.050000
vt 0.600000 0.050000
vt 0.625000 0.050000
vt 0.375000 0.075000
vt 0.400000 0.075000
vt 0.425000 0.075000
vt 0.450000 0.075000
vt 0.475000 0.075000
vt 0.500000 0.075000
vt 0.525000 0.075000
vt 0.550000 0.075000
vt 0.575000 0.075000
vt 0.600000 0.075000
vt 0.625000 0.075000
vt 0.375000 0.100000
vt 0.400000 0.100000
vt 0.425000 0.100000
vt 0.450000 0.100000
vt 0.475000 0.100000
vt 0.500000 0.100000
vt 0.525000 0.100000
vt 0.550000 0.100000
vt 0.575000 0.100000
vt 0.600000 0.100000
vt 0.625000 0.100000
vt 0.375000 0.125000
vt 0.400000 0.125000
vt 0.425000 0.125000
vt 0.450000 0.125000
vt 0.475000 0.125000
vt 0.500000 0.125000
vt 0.525000 0.125000
vt 0.550000 0.125000
vt 0.575000 0.125000
vt 0.600000 0.125000
vt 0.625000 0.125000
vt 0.375000 0.150000
vt 0.400000 0.150000
vt 0.425000 0.150000
vt 0.450000 0.150000
vt 0.475000 0.150000
vt 0.500000 0.150000
vt 0.525000 0.150000
vt 0.550000 0.150000
vt 0.575000 0.150000
vt 0.600000 0.150000
vt 0.625000 0.150000
vt 0.375000 0.175000
vt 0.400000 0.175000
vt 0.425000 0.175000
vt 0.450000 0.175000
vt 0.475000 0.175000
vt 0.500000 0.175000
vt 0.525000 0.175000
vt 0.550000 0.175000
vt 0.575000 0.175000
vt 0.600000 0.175000
vt 0.625000 0.175000
vt 0.375000 0.200000
vt 0.400000 0.200000
vt 0.425000 0.200000
vt 0.450000 0.200000
vt 0.475000 0.200000
vt 0.500000 0.200000
vt 0.525000 0.200000
vt 0.550000 0.200000
vt 0.575000 0.200000
vt 0.600000 0.200000
vt 0.625000 0.200000
vt 0.375000 0.225000
vt 0.400000 0.225000
vt 0.425000 0.225000
vt 0.450000 0.225000
vt 0.475000 0.225000
vt 0.500000 0.225000
vt 0.525000 0.225000
vt 0.550000 0.225000
vt 0.575000 0.225000
vt 0.600000 0.225000
vt 0.625000 0.225000
vt 0.375000 0.250000
vt 0.400000 0.250000
vt 0.425000 0.250000
vt 0.450000 0.250000
vt 0.475000 0.250000
vt 0.500000 0.250000
vt 0.525000 0.250000
vt 0.550000 0.250000
vt 0.575000 0.250000
vt 0.600000 0.250000
vt 0.625000 0.250000
vt 0.375000 0.275000
vt 0.400000 0.275000
vt 0.425000 0.275000
vt 0.450000 0.275000
vt 0.475000 0.275000
vt 0.500000 0.275000
vt 0.525000 0.275000
vt 0.550000 0.275000
vt 0.575000 0.275000
vt 0.600000 0.275000
vt 0.625000 0.275000
vt 0.375000 0.300000
vt 0.400000 0.300000
vt 0.425000 0.300000
vt 0.450000 0.300000
vt 0.475000 0.300000
vt 0.500000 0.300000
vt 0.525000 0.300000
vt 0.550000 0.300000
vt 0.575000 0.300000
vt 0.600000 0.300000
vt 0.625000 0.300000
vt 0.375000 0.325000
vt 0.400000 0.325000
vt 0.425000 0.325000
vt 0.450000 0.325000
vt 0.475000 0.325000
vt 0.500000 0.325000
vt 0.525000 0.325000
vt 0.550000 0.325000
vt 0.575000 0.325000
vt 0.600000 0.325000
vt 0.625000 0.325000
vt 0.375000 0.350000
vt 0.400000 0.350000
vt 0.425000 0.350000
vt 0.450000 0.350000
vt 0.475000 0.350000
vt 0.500000 0.350000
vt 0.525000 0.350000
vt 0.550000 0.350000
vt 0.575000 0.350000
vt 0.600000 0.350000
vt 0.625000 0.350000
vt 0.375000 0.375000
vt 0.400000 0.375000
vt 0.425000 0.375000
vt 0.450000 0.375000
vt 0.475000 0.375000
vt 0.500000 0.375000
vt 0.525000 0.375000
vt 0.550000 0.375000
vt 0.575000 0.375000
vt 0.600000 0.375000
vt 0.625000 0.375000
vt 0.375000 0.400000
vt 0.400000 0.400000
vt 0.425000 0.400000
vt 0.450000 0.400000
vt 0.475000 0.400000
vt 0.500000 0.400000
vt 0.525000 0.400000
vt 0.550000 0.400000
vt 0.575000 0.400000
vt 0.600000 0.400000
vt 0.625000 0.400000
vt 0.375000 0.425000
vt 0.400000 0.425000
vt 0.425000 0.425000
vt 0.450000 0.425000
vt 0.475000 0.425000
vt 0.500000 0.425000
vt 0.525000 0.425000
vt 0.550000 0.425000
vt 0.575000 0.425000
vt 0.600000 0.425000
vt 0.625000 0.425000
vt 0.375000 0.450000
vt 0.400000 0.450000
vt 0.425000 0.450000
vt 0.450000 0.450000
vt 0.475000 0.450000
vt 0.500000 0.450000
vt 0.525000 0.450000
vt 0.550000 0.450000
vt 0.575000 0.450000
vt 0.600000 0.450000
vt 0.625000 0.450000
vt 0.375000 0.475000
vt 0.400000 0.475000
vt 0.425000 0.475000
vt 0.450000 0.475000
vt 0.475000 0.475000
vt 0.500000 0.475000
vt 0.525000 0.475000
vt 0.550000 0.475000
vt 0.575000 0.475000
vt 0.600000 0.475000
vt 0.625000 0.475000
vt 0.375000 0.500000
vt 0.400000 0.500000
vt 0.425000 0.500000
vt 0.450000 0.500000
vt 0.475000 0.500000
vt 0.500000 0.500000
vt 0.525000 0.500000
vt 0.550000 0.500000
vt 0.575000 0.500000
vt 0.600000 0.500000
vt 0.625000 0.500000
vt 0.375000 0.525000
vt 0.400000 0.525000
vt 0.425000 0.525000
vt 0.450000 0.525000
vt 0.475000 0.525000
vt 0.500000 0.525000
vt 0.525000 0.525000
vt 0.550000 0.525000
vt 0.575000 0.525000
vt 0.600000 0.525000
vt 0.625000 0.525000
vt 0.375000 0.550000
vt 0.400000 0.550000
vt 0.425000 0.550000
vt 0.450000 0.550000
vt 0.475000 0.550000
vt 0.500000 0.550000
vt 0.525000 0.550000
vt 0.550000 0.550000
vt 0.575000 0.550000
vt 0.600000 0.550000
vt 0.625000 0.550000
vt 0.375000 0.575000
vt 0.400000 0.575000
vt 0.425000 0.575000
vt 0.450000 0.575000
vt 0.475000 0.575000
vt 0.500000 0.575000
vt 0.525000 0.575000
vt 0.550000 0.575000
vt 0.575000 0.575000
vt 0.600000 0.575000
vt 0.625000 0.575000
vt 0.375000 0.600000
vt 0.400000 0.600000
vt 0.425000 0.600000
vt 0.450000 0.600000
vt 0.475000 0.600000
vt 0.500000 0.600000
vt 0.525000 0.600000
vt 0.550000 0.600000
vt 0.575000 0.600000
vt 0.600000 0.600000
vt 0.625000 0.600000
vt 0.375000 0.625000
vt 0.400000 0.625000
vt 0.425000 0.625000
vt 0.450000 0.625000
vt 0.475000 0.625000
vt 0.500000 0.625000
vt 0.525000 0.625000
vt 0.550000 0.625000
vt 0.575000 0.625000
vt 0.600000 0.625000
vt 0.625000 0.625000
vt 0.375000 0.650000
vt 0.400000 0.650000
vt 0.425000 0.650000
vt 0.450000 0.650000
vt 0.475000 0.650000
vt 0.500000 0.650000
vt 0.525000 0.650000
vt 0.550000 0.650000
vt 0.575000 0.650000
vt 0.600000 0.650000
vt 0.625000 0.650000
vt 0.375000 0.675000
vt 0.400000 0.675000
vt 0.425000 0.675000
vt 0.450000 0.675000
vt 0.475000 0.675000
vt 0.500000 0.675000
vt 0.525000 0.675000
vt 0.550000 0.675000
vt 0.575000 0.675000
vt 0.600000 0.675000
vt 0.625000 0.675000
vt 0.375000 0.700000
vt 0.400000 0.700000
vt 0.425000 0.700000
vt 0.450000 0.700000
vt 0.475000 0.700000
vt 0.500000 0.700000
vt 0.525000 0.700000
vt 0.550000 0.700000
vt 0.575000 0.700000
vt 0.600000 0.700000
vt 0.625000 0.700000
vt 0.375000 0.725000
vt 0.400000 0.725000
vt 0.425000 0.725000
vt 0.450000 0.725000
vt 0.475000 0.725000
vt 0.500000 0.725000
vt 0.525000 0.725000
vt 0.550000 0.725000
vt 0.575000 0.725000
vt 0.600000 0.725000
vt 0.625000 0.725000
vt 0.375000 0.750000
vt 0.400000 0.750000
vt 0.425000 0.750000
vt 0.450000 0.750000
vt 0.475000 0.750000
vt 0.500000 0.750000
vt 0.525000 0.750000
vt 0.550000 0.750000
vt 0.575000 0.750000
vt 0.600000 0.750000
vt 0.625000 0.750000
vt 0.375000 0.775000
vt 0.400000 0.775000
vt 0.425000 0.775000
vt 0.450000 0.775000
vt 0.475000 0.775000
vt 0.500000 0.775000
vt 0.525000 0.775000
vt 0.550000 0.775000
vt 0.575000 0.775000
vt 0.600000 0.775000
vt 0.625000 0.775000
vt 0.375000 0.800000
vt 0.400000 0.800000
vt 0.425000 0.800000
vt 0.450000 0.800000
vt 0.475000 0.800000
vt 0.500000 0.800000
vt 0.525000 0.800000
vt 0.550000 0.800000
vt 0.575000 0.800000
vt 0.600000 0.800000
vt 0.625000 0.800000
vt 0.375000 0.825000
vt 0.400000 0.825000
vt 0.425000 0.825000
vt 0.450000 0.825000
vt 0.475000 0.825000
vt 0.500000 0.825000
vt 0.525000 0.825000
vt 0.550000 0.825000
vt 0.575000 0.825000
vt 0.600000 0.825000
vt 0.625000 0.825000
vt 0.375000 0.850000
vt 0.400000 0.850000
vt 0.425000 0.850000
vt 0.450000 0.850000
vt 0.475000 0.850000
vt 0.500000 0.850000
vt 0.525000 0.850000
vt 0.550000 0.850000
vt 0.575000 0.850000
vt 0.600000 0.850000
vt 0.625000 0.850000
vt 0.375000 0.875000
vt 0.400000 0.875000
vt 0.425000 0.875000
vt 0.450000 0.875000
vt 0.475000 0.875000
vt 0.500000 0.875000
vt 0.525000 0.875000
vt 0.550000 0.875000
vt 0.575000 0.875000
vt 0.600000 0.875000
vt 0.625000 0.875000
vt 0.375000 0.900000
vt 0.400000 0.900000
vt 0.425000 0.900000
vt 0.450000 0.900000
vt 0.475000 0.900000
vt 0.500000 0.900000
vt 0.525000 0.900000
vt 0.550000 0.900000
vt 0.575000 0.900000
vt 0.600000 0.900000
vt 0.625000 0.900000
vt 0.375000 0.925000
vt 0.400000 0.925000
vt 0.425000 0.925000
vt 0.450000 0.925000
vt 0.475000 0.925000
vt 0.500000 0.925000
vt 0.525000 0.925000
vt 0.550000 0.925000
vt 0.575000 0.925000
vt 0.600000 0.925000
vt 0.625000 0.925000
vt 0.375000 0.950000
vt 0.400000 0.950000
vt 0.425000 0.950000
vt 0.450000 0.950000
vt 0.475000 0.950000
vt 0.500000 0.950000
vt 0.525000 0.950000
vt 0.550000 0.950000
vt 0.575000 0.950000
vt 0.600000 0.950000
vt 0.625000 0.950000
vt 0.375000 0.975000
vt 0.400000 0.975000
vt 0.425000 0.975000
vt 0.450000 0.975000
vt 0.475000 0.975000
vt 0.500000 0.975000
vt 0.525000 0.975000
vt 0.550000 0.975000
vt 0.575000 0.975000
vt 0.600000 0.975000
vt 0.625000 0.975000
vt 0.375000 1.000000
vt 0.400000 1.000000
vt 0.425000 1.000000
vt 0.450000 1.000000
vt 0.475000 1.000000
vt 0.500000 1.000000
vt 0.525000 1.000000
vt 0.550000 1.000000
vt 0.575000 1.000000
vt 0.600000 1.000000
vt 0.625000 1.000000
vt 0.875000 0.000000
vt 0.850000 0.000000
vt 0.825000 0.000000
vt 0.800000 0.000000
vt 0.775000 0.000000
vt 0.750000 0.000000
vt 0.725000 0.000000
vt 0.700000 0.000000
vt 0.675000 0.000000
vt 0.650000 0.000000
vt 0.875000 0.025000
vt 0.850000 0.025000
vt 0.825000 0.025000
vt 0.800000 0.025000
vt 0.775000 0.025000
vt 0.750000 0.025000
vt 0.725000 0.025000
vt 0.700000 0.025000
vt 0.675000 0.025000
vt 0.650000 0.025000
vt 0.875000 0.050000
vt 0.850000 0.050000
vt 0.825000 0.050000
vt 0.800000 0.050000
vt 0.775000 0.050000
vt 0.750000 0.050000
vt 0.725000 0.050000
vt 0.700000 0.050000
vt 0.675000 0.050000
vt 0.650000 0.050000
vt 0.875000 0.075000
vt 0.850000 0.075000
vt 0.825000 0.075000
vt 0.800000 0.075000
vt 0.775000 0.075000
vt 0.750000 0.075000
vt 0.725000 0.075000
vt 0.700000 0.075000
vt 0.675000 0.075000
vt 0.650000 0.075000
vt 0.875000 0.100000
vt 0.850000 0.100000
vt 0.825000 0.100000
vt 0.800000 0.100000
vt 0.775000 0.100000
vt 0.750000 0.100000
vt 0.725000 0.100000
vt 0.700000 0.100000
vt 0.675000 0.100000
vt 0.650000 0.100000
vt 0.875000 0.125000
vt 0.850000 0.125000
vt 0.825000 0.125000
vt 0.800000 0.125000
vt 0.775000 0.125000
vt 0.750000 0.125000
vt 0.725000 0.125000
vt 0.700000 0.125000
vt 0.675000 0.125000
vt 0.650000 0.125000
vt 0.875000 0.150000
vt 0.850000 0.150000
vt 0.825000 0.150000
vt 0.800000 0.150000
vt 0.775000 0.150000
vt 0.750000 0.150000
vt 0.725000 0.150000
vt 0.700000 0.150000
vt 0.675000 0.150000
vt 0.650000 0.150000
vt 0.875000 0.175000
vt 0.850000 0.175000
vt 0.825000 0.175000
vt 0.800000 0.175000
vt 0.775000 0.175000
vt 0.750000 0.175000
vt 0.725000 0.175000
vt 0.700000 0.175000
vt 0.675000 0.175000
vt 0.650000 0.175000
vt 0.875000 0.200000
vt 0.850000 0.200000
vt 0.825000 0.200000
vt 0.800000 0.200000
vt 0.775000 0.200000
vt 0.750000 0.200000
vt 0.725000 0.200000
vt 0.700000 0.200000
vt 0.675000 0.200000
vt 0.650000 0.200000
vt 0.875000 0.225000
vt 0.850000 0.225000
vt 0.825000 0.225000
vt 0.800000 0.225000
vt 0.775000 0.225000
vt 0.750000 0.225000
vt 0.725000 0.225000
vt 0.700000 0.225000
vt 0.675000 0.225000
vt 0.650000 0.225000
vt 0.875000 0.250000
vt 0.850000 0.250000
vt 0.825000 0.250000
vt 0.800000 0.250000
vt 0.775000 0.250000
vt 0.750000 0.250000
vt 0.725000 0.250000
vt 0.700000 0.250000
vt 0.675000 0.250000
vt 0.650000 0.250000
vt 0.125000 0.000000
vt 0.150000 0.000000
vt 0.175000 0.000000
vt 0.200000 0.000000
vt 0.225000 0.000000
vt 0.250000 0.000000
vt 0.275000 0.000000
vt 0.300000 0.000000
vt 0.325000 0.000000
vt 0.350000 0.000000
vt 0.125000 0.025000
vt 0.150000 0.025000
vt 0.175000 0.025000
vt 0.200000 0.025000
vt 0.225000 0.025000
vt 0.250000 0.025000
vt 0.275000 0.025000
vt 0.300000 0.025000
vt 0.325000 0.025000
vt 0.350000 0.025000
vt 0.125000 0.050000
vt 0.150000 0.050000
vt 0.175000 0.050000
vt 0.200000 0.050000
vt 0.225000 0.050000
vt 0.250000 0.050000
vt 0.275000 0.050000
vt 0.300000 0.050000
vt 0.325000 0.050000
vt 0.350000 0.050000
vt 0.125000 0.075000
vt 0.150000 0.075000
vt 0.175000 0.075000
vt 0.200000 0.075000
vt 0.225000 0.075000
vt 0.250000 0.075000
vt 0.275000 0.075000
vt 0.300000 0.075000
vt 0.325000 0.075000
vt 0.350000 0.075000
vt 0.125000 0.100000
vt 0.150000 0.100000
vt 0.175000 0.100000
vt 0.200000 0.100000
vt 0.225000 0.100000
vt 0.250000 0.100000
vt 0.275000 0.100000
vt 0.300000 0.100000
vt 0.325000 0.100000
vt 0.350000 0.100000
vt 0.125000 0.125000
vt 0.150000 0.125000
vt 0.175000 0.125000
vt 0.200000 0.125000
vt 0.225000 0.125000
vt 0.250000 0.125000
vt 0.275000 0.125000
vt 0.300000 0.125000
vt 0.325000 0.125000
vt 0.350000 0.125000
vt 0.125000 0.150000
vt 0.150000 0.150000
vt 0.175000 0.150000
vt 0.200000 0.150000
vt 0.225000 0.150000
vt 0.250000 0.150000
vt 0.275000 0.150000
vt 0.300000 0.150000
vt 0.325000 0.150000
vt 0.350000 0.150000
vt 0.125000 0.175000
vt 0.150000 0.175000
vt 0.175000 0.175000
vt 0.200000 0.175000
vt 0.225000 0.175000
vt 0.250000 0.175000
vt 0.275000 0.175000
vt 0.300000 0.175000
vt 0.325000 0.175000
vt 0.350000 0.175000
vt 0.125000 0.200000
vt 0.150000 0.200000
vt 0.175000 0.200000
vt 0.200000 0.200000
vt 0.225000 0.200000
vt 0.250000 0.200000
vt 0.275000 0.200000
vt 0.300000 0.200000
vt 0.325000 0.200000
vt 0.350000 0.200000
vt 0.125000 0.225000
vt 0.150000 0.225000
vt 0.175000 0.225000
vt 0.200000 0.225000
vt 0.225000 0.225000
vt 0.250000 0.225000
vt 0.275000 0.225000
vt 0.300000 0.225000
vt 0.325000 0.225000
vt 0.350000 0.225000
vt 0.125000 0.250000
vt 0.150000 0.250000
vt 0.175000 0.250000
vt 0.200000 0.250000
vt 0.225000 0.250000
vt 0.250000 0.250000
vt 0.275000 0.250000
vt 0.300000 0.250000
vt 0.325000 0.250000
vt 0.350000 0.250000
vt 0.475000 0.750000
vt 0.500000 0.750000
vt 0.475000 0.775000
vt 0.525000 0.750000
vt 0.550000 0.750000
vt 0.575000 0.750000
vt 0.600000 0.750000
vt 0.600000 0.775000
vt 0.400000 0.775000
vt 0.425000 0.775000
vt 0.400000 0.800000
vt 0.450000 0.775000
vt 0.600000 0.800000
vt 0.375000 0.800000
vt 0.375000 0.825000
vt 0.600000 0.825000
vt 0.400000 0.850000
vt 0.375000 0.850000
vt 0.600000 0.850000
vt 0.400000 0.875000
vt 0.625000 0.850000
vt 0.625000 0.875000
vt 0.400000 0.900000
vt 0.625000 0.900000
vt 0.375000 0.900000
vt 0.375000 0.925000
vt 0.625000 0.925000
vt 0.375000 0.950000
vt 0.625000 0.950000
vt 0.400000 0.975000
vt 0.375000 0.975000
vt 0.425000 0.975000
vt 0.450000 0.975000
vt 0.475000 0.975000
vt 0.500000 0.975000
vt 0.625000 0.975000
vt 0.525000 1.000000
vt 0.500000 1.000000
vt 0.550000 1.000000
vt 0.575000 1.000000
vt 0.600000 1.000000
vt 0.625000 1.000000
vt 0.400000 0.775000
vt 0.425000 0.775000
vt 0.400000 0.800000
vt 0.450000 0.775000
vt 0.475000 0.775000
vt 0.500000 0.775000
vt 0.525000 0.775000
vt 0.550000 0.775000
vt 0.575000 0.775000
vt 0.600000 0.775000
vt 0.600000 0.800000
vt 0.400000 0.825000
vt 0.600000 0.825000
vt 0.400000 0.850000
vt 0.600000 0.850000
vt 0.400000 0.875000
vt 0.600000 0.875000
vt 0.400000 0.900000
vt 0.600000 0.900000
vt 0.400000 0.925000
vt 0.600000 0.925000
vt 0.400000 0.950000
vt 0.600000 0.950000
vt 0.425000 0.975000
vt 0.400000 0.975000
vt 0.450000 0.975000
vt 0.475000 0.975000
vt 0.500000 0.975000
vt 0.525000 0.975000
vt 0.550000 0.975000
vt 0.575000 0.975000
vt 0.600000 0.975000
vt 0.450000 0.775000
vt 0.475000 0.775000
vt 0.450000 0.800000
vt 0.500000 0.775000
vt 0.525000 0.775000
vt 0.550000 0.775000
vt 0.550000 0.800000
vt 0.425000 0.800000
vt 0.425000 0.825000
vt 0.575000 0.800000
vt 0.575000 0.825000
vt 0.450000 0.850000
vt 0.425000 0.850000
vt 0.600000 0.825000
vt 0.600000 0.850000
vt 0.475000 0.875000
vt 0.450000 0.875000
vt 0.500000 0.875000
vt 0.600000 0.875000
vt 0.400000 0.875000
vt 0.425000 0.875000
vt 0.400000 0.900000
vt 0.450000 0.900000
vt 0.500000 0.900000
vt 0.600000 0.900000
vt 0.575000 0.900000
vt 0.400000 0.925000
vt 0.475000 0.900000
vt 0.475000 0.925000
vt 0.525000 0.925000
vt 0.500000 0.925000
vt 0.575000 0.925000
vt 0.550000 0.925000
vt 0.425000 0.950000
vt 0.400000 0.950000
vt 0.450000 0.950000
vt 0.475000 0.950000
vt 0.500000 0.950000
vt 0.550000 0.950000
vt 0.525000 0.950000
vt 0.500000 0.800000
vt 0.525000 0.800000
vt 0.500000 0.825000
vt 0.550000 0.800000
vt 0.550000 0.825000
vt 0.525000 0.850000
vt 0.500000 0.850000
vt 0.550000 0.850000
vt 0.525000 0.875000
vt 0.575000 0.850000
vt 0.575000 0.875000
vt 0.550000 0.900000
vt 0.525000 0.900000
vt 0.575000 0.900000
vt 0.425000 0.900000
vt 0.450000 0.900000
vt 0.425000 0.925000
vt 0.475000 0.900000
vt 0.475000 0.925000
vt 0.450000 0.950000
vt 0.425000 0.950000
vt 0.475000 0.950000
vt 0.500000 0.800000
vt 0.525000 0.800000
vt 0.500000 0.825000
vt 0.550000 0.800000
vt 0.550000 0.825000
vt 0.525000 0.850000
vt 0.500000 0.850000
vt 0.550000 0.850000
vt 0.550000 0.875000
vt 0.575000 0.875000
vt 0.575000 0.900000
vt 0.550000 0.900000
vt 0.525000 0.800000
vt 0.550000 0.800000
vt 0.550000 0.825000
vt 0.525000 0.825000
vt 0.500000 0.825000
vt 0.525000 0.850000
vt 0.500000 0.850000
vt 0.550000 0.850000
vt 0.525000 0.800000
vt 0.550000 0.800000
vt 0.550000 0.825000
vt 0.525000 0.825000
vt 0.375000 0.150000
vt 0.400000 0.150000
vt 0.425000 0.150000
vt 0.450000 0.150000
vt 0.475000 0.150000
vt 0.500000 0.150000
vt 0.525000 0.150000
vt 0.550000 0.150000
vt 0.575000 0.150000
vt 0.600000 0.150000
vt 0.625000 0.150000
vt 0.400000 0.250000
vt 0.375000 0.250000
vt 0.425000 0.250000
vt 0.450000 0.250000
vt 0.475000 0.250000
vt 0.500000 0.250000
vt 0.525000 0.250000
vt 0.550000 0.250000
vt 0.575000 0.250000
vt 0.600000 0.250000
vt 0.625000 0.250000
vt 0.375000 0.500000
vt 0.400000 0.500000
vt 0.425000 0.500000
vt 0.450000 0.500000
vt 0.475000 0.500000
vt 0.500000 0.500000
vt 0.525000 0.500000
vt 0.550000 0.500000
vt 0.575000 0.500000
vt 0.600000 0.500000
vt 0.625000 0.500000
vt 0.400000 0.600000
vt 0.375000 0.600000
vt 0.425000 0.600000
vt 0.450000 0.600000
vt 0.475000 0.600000
vt 0.500000 0.600000
vt 0.525000 0.600000
vt 0.550000 0.600000
vt 0.575000 0.600000
vt 0.600000 0.600000
vt 0.625000 0.600000
vt 0.850000 0.150000
vt 0.875000 0.150000
vt 0.825000 0.150000
vt 0.800000 0.150000
vt 0.775000 0.150000
vt 0.750000 0.150000
vt 0.725000 0.150000
vt 0.700000 0.150000
vt 0.675000 0.150000
vt 0.650000 0.150000
vt 0.875000 0.250000
vt 0.850000 0.250000
vt 0.825000 0.250000
vt 0.800000 0.250000
vt 0.775000 0.250000
vt 0.750000 0.250000
vt 0.725000 0.250000
vt 0.700000 0.250000
vt 0.675000 0.250000
vt 0.650000 0.250000
vt 0.125000 0.150000
vt 0.150000 0.150000
vt 0.175000 0.150000
vt 0.200000 0.150000
vt 0.225000 0.150000
vt 0.250000 0.150000
vt 0.275000 0.150000
vt 0.300000 0.150000
vt 0.325000 0.150000
vt 0.350000 0.150000
vt 0.150000 0.250000
vt 0.125000 0.250000
vt 0.175000 0.250000
vt 0.200000 0.250000
vt 0.225000 0.250000
vt 0.250000 0.250000
vt 0.275000 0.250000
vt 0.300000 0.250000
vt 0.325000 0.250000
vt 0.350000 0.250000
vn 0.000000 0.000000 1.000000
vn 0.000000 0.000000 1.000000
vn 0.000000 0.000000 1.000000
vn 0.000000 0.000000 1.000000
vn 0.000000 0.000000 1.000000
vn 0.000000 0.000000 1.000000
vn 0.000000 0.000000 1.000000
vn 0.000000 0.000000 1.000000
vn 0.000000 0.000000 1.000000
vn 0.000000 0.000000 1.000000
vn 0.000000 0.000000 1.000000
vn 0.000000 0.000000 1.000000
vn 0.000000 0.000000 1.000000
vn 0.000000 0.000000 1.000000
vn 0.000000 0.000000 1.000000
vn 0.000000 0.000000 1.000000
vn 0.000000 0.000000 1.000000
vn 0.000000 0.000000 1.000000
vn 0.000000 0.000000 1.000000
vn 0.000000 0.000000 1.000000
vn 0.000000 0.000000 1.000000
vn 0.000000 0.000000 1.000000
vn 0.000000 0.000000 1.000000
vn 0.000000 0.000000 1.000000
vn 0.000000 0.000000 1.000000
vn 0.000000 0.000000 1.000000
vn 0.000000 0.000000 1.000000
vn 0.000000 0.000000 1.000000
vn 0.000000 0.000000 1.000000
vn 0.000000 0.000000 1.000000
vn 0.000000 0.000000 1.000000
vn 0.000000 0.000000 1.000000
vn 0.000000 0.000000 1.000000
vn 0.000000 0.000000 1.000000
vn 0.000000 0.000000 1.000000
vn 0.000000 0.000000 1.000000
vn 0.000000 0.000000 1.000000
vn 0.000000 0.000000 1.000000
vn 0.000000 0.000000 1.000000
vn 0.000000 0.000000 1.000000
vn 0.000000 0.000000 1.000000
vn 0.000000 0.000000 1.000000
vn 0.000000 0.000000 1.000000
vn 0.000000 0.000000 1.000000
vn 0.000000 0.000000 1.000000
vn 0.000000 0.000000 1.000000
vn 0.000000 0.000000 1.000000
vn 0.000000 0.000000 1.000000
vn 0.000000 0.000000 1.000000
vn 0.000000 0.000000 1.000000
vn 0.000000 0.000000 1.000000
vn 0.000000 0.000000 1.000000
vn 0.000000 0.000000 1.000000
vn 0.000000 0.000000 1.000000
vn 0.000000 0.000000 1.000000
vn 0.000000 0.000000 1.000000
vn 0.000000 0.000000 1.000000
vn 0.000000 0.000000 1.000000
vn 0.000000 0.000000 1.000000
vn 0.000000 0.000000 1.000000
vn 0.000000 0.000000 1.000000
vn 0.000000 0.000000 1.000000
vn 0.000000 0.000000 1.000000
vn 0.000000 0.000000 1.000000
vn 0.000000 0.000000 1.000000
vn 0.000000 0.000000 1.000000
vn 0.000000 0.000000 1.000000
vn 0.000000 0.000000 1.000000
vn 0.000000 0.000000 1.000000
vn 0.000000 0.000000 1.000000
vn 0.000000 0.000000 1.000000
vn 0.000000 0.000000 1.000000
vn 0.000000 0.000000 1.000000
vn 0.000000 0.000000 1.000000
vn 0.000000 0.000000 1.000000
vn 0.000000 0.000000 1.000000
vn 0.000000 0.000000 1.000000
vn 0.000000 0.000000 1.000000
vn 0.000000 0.000000 1.000000
vn 0.000000 0.000000 1.000000
vn 0.000000 0.000000 1.000000
vn 0.000000 0.000000 1.000000
vn 0.000000 0.000000 1.000000
vn 0.000000 0.000000 1.000000
vn 0.000000 0.000000 1.000000
vn 0.000000 0.000000 1.000000
vn 0.000000 0.000000 1.000000
vn 0.000000 0.000000 1.000000
vn 0.000000 0.000000 1.000000
vn 0.000000 0.000000 1.000000
vn 0.000000 0.000000 1.000000
vn 0.000000 0.000000 1.000000
vn 0.000000 0.000000 1.000000
vn 0.000000 0.000000 1.000000
vn 0.000000 0.000000 1.000000
vn 0.000000 0.000000 1.000000
vn 0.000000 0.000000 1.000000
vn 0.000000 0.000000 1.000000
vn 0.000000 0.000000 1.000000
vn 0.000000 0.000000 1.000000
vn 0.000000 0.000000 1.000000
vn 0.000000 0.000000 1.000000
vn 0.000000 0.000000 1.000000
vn 0.000000 0.000000 1.000000
vn 0.000000 0.000000 1.000000
vn 0.000000 0.000000 1.000000
vn 0.000000 0.000000 1.000000
vn 0.000000 0.000000 1.000000
vn 0.000000 0.000000 1.000000
vn 0.000000 0.000000 1.000000
vn 0.000000 0.000000 1.000000
vn 0.000000 0.000000 1.000000
vn 0.000000 0.000000 1.000000
vn 0.000000 0.000000 1.000000
vn 0.000000 0.000000 1.000000
vn 0.000000 0.000000 1.000000
vn 0.000000 0.000000 1.000000
vn 0.000000 0.000000 1.000000
vn 0.000000 0.000000 1.000000
vn 0.000000 0.000000 1.000000
vn 0.000000 0.000000 1.000000
vn 0.000000 0.000000 1.000000
vn 0.000000 0.000000 1.000000
vn 0.000000 0.000000 1.000000
vn 0.000000 0.000000 1.000000
vn 0.000000 0.000000 1.000000
vn 0.000000 0.000000 1.000000
vn 0.000000 0.000000 1.000000
vn 0.000000 0.000000 1.000000
vn 0.000000 0.000000 1.000000
vn 0.000000 0.000000 1.000000
vn 0.000000 0.000000 1.000000
vn 0.000000 1.000000 0.000000
vn 0.000000 1.000000 -0.000001
vn 0.000000 1.000000 0.000000
vn 0.000000 1.000000 0.000000
vn 0.000000 1.000000 0.000000
vn 0.000000 1.000000 0.000000
vn 0.000000 1.000000 0.000001
vn 0.000000 1.000000 0.000000
vn 0.000000 1.000000 0.000001
vn 0.000000 1.000000 0.000000
vn 0.000000 1.000000 -0.000000
vn 0.000000 1.000000 0.000000
vn 0.000000 1.000000 -0.000001
vn 0.000000 1.000000 0.000000
vn 0.000000 1.000000 -0.000000
vn 0.000000 1.000000 0.000000
vn 0.000000 1.000000 0.000001
vn 0.000000 1.000000 0.000000
vn 0.000000 1.000000 0.000000
vn 0.000000 1.000000 0.000000
vn 0.000000 1.000000 0.000000
vn 0.000000 1.000000 0.000000
vn 0.000000 1.000000 0.000000
vn 0.000000 1.000000 0.000000
vn 0.000000 1.000000 0.000000
vn 0.000000 1.000000 0.000000
vn 0.000000 1.000000 0.000000
vn 0.000000 1.000000 0.000000
vn 0.000000 1.000000 0.000000
vn 0.000000 1.000000 0.000000
vn 0.000000 1.000000 0.000000
vn 0.000000 1.000000 0.000000
vn 0.000000 1.000000 0.000000
vn 0.000000 1.000000 0.000000
vn 0.000000 1.000000 0.000000
vn 0.000000 1.000000 0.000000
vn 0.000000 1.000000 0.000000
vn 0.000000 1.000000 0.000000
vn 0.000000 1.000000 0.000000
vn 0.000000 1.000000 0.000000
vn 0.000000 1.000000 0.000000
vn 0.000000 1.000000 0.000000
vn 0.000000 1.000000 0.000000
vn 0.000000 1.000000 0.000000
vn 0.000000 1.000000 0.000000
vn 0.000000 1.000000 0.000000
vn 0.000000 1.000000 0.000000
vn 0.000000 1.000000 0.000000
vn 0.000000 1.000000 0.000000
vn 0.000000 1.000000 0.000000
vn 0.000000 1.000000 0.000000
vn 0.000000 1.000000 0.000000
vn 0.000000 1.000000 0.000000
vn 0.000000 1.000000 0.000000
vn 0.000000 1.000000 0.000000
vn 0.000000 1.000000 0.000000
vn 0.000000 1.000000 0.000000
vn 0.000000 1.000000 0.000000
vn 0.000000 1.000000 0.000000
vn 0.000000 1.000000 0.000000
vn 0.000000 1.000000 0.000000
vn 0.000000 1.000000 0.000000
vn 0.000000 1.000000 0.000000
vn 0.000000 1.000000 0.000000
vn 0.000000 1.000000 0.000000
vn 0.000000 1.000000 0.000000
vn 0.000000 1.000000 0.000000
vn 0.000000 1.000000 0.000000
vn 0.000000 1.000000 0.000000
vn 0.000000 1.000000 0.000000
vn 0.000000 1.000000 0.000000
vn 0.000000 1.000000 0.000000
vn 0.000000 1.000000 0.000000
vn 0.000000 1.000000 0.000000
vn 0.000000 1.000000 0.000000
vn 0.000000 1.000000 0.000000
vn 0.000000 1.000000 0.000000
vn 0.000000 1.000000 0.000000
vn 0.000000 1.000000 0.000000
vn 0.000000 1.000000 0.000000
vn 0.000000 1.000000 0.000000
vn 0.000000 1.000000 0.000000
vn 0.000000 1.000000 0.000000
vn 0.000000 1.000000 0.000000
vn 0.000000 1.000000 0.000000
vn 0.000000 1.000000 0.000000
vn 0.000000 1.000000 0.000000
vn 0.000000 1.000000 0.000000
vn 0.000000 1.000000 0.000000
vn 0.000000 1.000000 0.000000
vn 0.000000 1.000000 0.000000
vn 0.000000 1.000000 0.000000
vn 0.000000 1.000000 0.000000
vn 0.000000 1.000000 0.000000
vn 0.000000 1.000000 0.000000
vn 0.000000 1.000000 0.000000
vn 0.000000 1.000000 0.000000
vn 0.000000 1.000000 0.000000
vn 0.000000 1.000000 0.000000
vn 0.000000 1.000000 0.000000
vn 0.000000 1.000000 0.000000
vn 0.000000 1.000000 0.000000
vn 0.000000 1.000000 0.000000
vn 0.000000 1.000000 0.000000
vn 0.000000 1.000000 0.000000
vn 0.000000 1.000000 0.000000
vn 0.000000 1.000000 0.000000
vn 0.000000 1.000000 0.000000
vn 0.000000 1.000000 0.000000
vn 0.000000 1.000000 0.000000
vn 0.000000 1.000000 0.000001
vn 0.000000 1.000000 0.000000
vn 0.000000 1.000000 -0.000000
vn 0.000000 1.000000 -0.000001
vn 0.000000 1.000000 -0.000001
vn 0.000000 1.000000 -0.000000
vn 0.000000 1.000000 -0.000000
vn 0.000000 1.000000 -0.000000
vn 0.000000 1.000000 -0.000001
vn 0.000000 1.000000 0.000000
vn 0.000000 1.000000 0.000000
vn 0.000000 0.000000 -1.000000
vn 0.000000 0.000000 -1.000000
vn 0.000000 0.000000 -1.000000
vn 0.000000 0.000000 -1.000000
vn 0.000000 0.000000 -1.000000
vn 0.000000 0.000000 -1.000000
vn 0.000000 0.000000 -1.000000
vn 0.000000 0.000000 -1.000000
vn 0.000000 0.000000 -1.000000
vn 0.000000 0.000000 -1.000000
vn 0.000000 0.000000 -1.000000
vn 0.000000 0.000000 -1.000000
vn 0.000000 0.000000 -1.000000
vn 0.000000 0.000000 -1.000000
vn 0.000000 0.000000 -1.000000
vn 0.000000 0.000000 -1.000000
vn 0.000000 0.000000 -1.000000
vn 0.000000 0.000000 -1.000000
vn 0.000000 0.000000 -1.000000
vn 0.000000 0.000000 -1.000000
vn 0.000000 0.000000 -1.000000
vn 0.000000 0.000000 -1.000000
vn 0.000000 0.000000 -1.000000
vn 0.000000 0.000000 -1.000000
vn 0.000000 0.000000 -1.000000
vn 0.000000 0.000000 -1.000000
vn 0.000000 0.000000 -1.000000
vn 0.000000 0.000000 -1.000000
vn 0.000000 0.000000 -1.000000
vn 0.000000 0.000000 -1.000000
vn 0.000000 0.000000 -1.000000
vn 0.000000 0.000000 -1.000000
vn 0.000000 0.000000 -1.000000
vn 0.000000 0.000000 -1.000000
vn 0.000000 0.000000 -1.000000
vn 0.000000 0.000000 -1.000000
vn 0.000000 0.000000 -1.000000
vn 0.000000 0.000000 -1.000000
vn 0.000000 0.000000 -1.000000
vn 0.000000 0.000000 -1.000000
vn 0.000000 0.000000 -1.000000
vn 0.000000 0.000000 -1.000000
vn 0.000000 0.000000 -1.000000
vn 0.000000 0.000000 -1.000000
vn 0.000000 0.000000 -1.000000
vn 0.000000 0.000000 -1.000000
vn 0.000000 0.000000 -1.000000
vn 0.000000 0.000000 -1.000000
vn 0.000000 0.000000 -1.000000
vn 0.000000 0.000000 -1.000000
vn 0.000000 0.000000 -1.000000
vn 0.000000 0.000000 -1.000000
vn 0.000000 0.000000 -1.000000
vn 0.000000 0.000000 -1.000000
vn 0.000000 0.000000 -1.000000
vn 0.000000 0.000000 -1.000000
vn 0.000000 0.000000 -1.000000
vn 0.000000 0.000000 -1.000000
vn 0.000000 0.000000 -1.000000
vn 0.000000 0.000000 -1.000000
vn 0.000000 0.000000 -1.000000
vn 0.000000 0.000000 -1.000000
vn 0.000000 0.000000 -1.000000
vn 0.000000 0.000000 -1.000000
vn 0.000000 0.000000 -1.000000
vn 0.000000 0.000000 -1.000000
vn 0.000000 0.000000 -1.000000
vn 0.000000 0.000000 -1.000000
vn 0.000000 0.000000 -1.000000
vn 0.000000 0.000000 -1.000000
vn 0.000000 0.000000 -1.000000
vn 0.000000 0.000000 -1.000000
vn 0.000000 0.000000 -1.000000
vn 0.000000 0.000000 -1.000000
vn 0.000000 0.000000 -1.000000
vn 0.000000 0.000000 -1.000000
vn 0.000000 0.000000 -1.000000
vn 0.000000 0.000000 -1.000000
vn 0.000000 0.000000 -1.000000
vn 0.000000 0.000000 -1.000000
vn 0.000000 0.000000 -1.000000
vn 0.000000 0.000000 -1.000000
vn 0.000000 0.000000 -1.000000
vn 0.000000 0.000000 -1.000000
vn 0.000000 0.000000 -1.000000
vn 0.000000 0.000000 -1.000000
vn 0.000000 0.000000 -1.000000
vn 0.000000 0.000000 -1.000000
vn 0.000000 0.000000 -1.000000
vn 0.000000 0.000000 -1.000000
vn 0.000000 0.000000 -1.000000
vn 0.000000 0.000000 -1.000000
vn 0.000000 0.000000 -1.000000
vn 0.000000 0.000000 -1.000000
vn 0.000000 0.000000 -1.000000
vn 0.000000 0.000000 -1.000000
vn 0.000000 0.000000 -1.000000
vn 0.000000 0.000000 -1.000000
vn 0.000000 0.000000 -1.000000
vn 0.000000 0.000000 -1.000000
vn 0.000000 0.000000 -1.000000
vn 0.000000 0.000000 -1.000000
vn 0.000000 0.000000 -1.000000
vn 0.000000 0.000000 -1.000000
vn 0.000000 0.000000 -1.000000
vn 0.000000 0.000000 -1.000000
vn 0.000000 0.000000 -1.000000
vn 0.000000 0.000000 -1.000000
vn 0.000000 0.000000 -1.000000
vn 0.000000 0.000000 -1.000000
vn 0.000000 0.000000 -1.000000
vn 0.000000 0.000000 -1.000000
vn 0.000000 0.000000 -1.000000
vn 0.000000 0.000000 -1.000000
vn 0.000000 0.000000 -1.000000
vn 0.000000 0.000000 -1.000000
vn 0.000000 0.000000 -1.000000
vn 0.000000 0.000000 -1.000000
vn 0.000000 0.000000 -1.000000
vn 0.000000 0.000000 -1.000000
vn 0.000000 0.000000 -1.000000
vn 0.000000 0.000000 -1.000000
vn 0.000000 0.000000 -1.000000
vn 0.000000 0.000000 -1.000000
vn 0.000000 0.000000 -1.000000
vn 0.000000 0.000000 -1.000000
vn 0.000000 0.000000 -1.000000
vn 0.000000 0.000000 -1.000000
vn 0.000000 0.000000 -1.000000
vn 0.000000 0.000000 -1.000000
vn 0.000000 0.000000 -1.000000
vn 0.000000 0.000000 -1.000000
vn 0.000000 -1.000000 0.000000
vn 0.000000 -1.000000 0.000000
vn 0.000000 -1.000000 0.000000
vn 0.000000 -1.000000 0.000000
vn 0.000000 -1.000000 0.000000
vn 0.000000 -1.000000 0.000000
vn 0.000000 -1.000000 0.000000
vn 0.000000 -1.000000 0.000000
vn 0.000000 -1.000000 0.000000
vn 0.000000 -1.000000 0.000000
vn 0.000000 -1.000000 0.000000
vn 0.000000 -1.000000 0.000000
vn 0.000000 -1.000000 0.000000
vn 0.000000 -1.000000 0.000000
vn 0.000000 -1.000000 0.000000
vn 0.000000 -1.000000 0.000000
vn 0.000000 -1.000000 0.000000
vn 0.000000 -1.000000 0.000000
vn 0.000000 -1.000000 0.000000
vn 0.000000 -1.000000 0.000000
vn 0.000000 -1.000000 0.000000
vn 0.000000 -1.000000 0.000000
vn 0.000000 -1.000000 0.000000
vn 0.000000 -1.000000 0.000000
vn 0.000000 -1.000000 0.000000
vn 0.000000 -1.000000 0.000000
vn 0.000000 -1.000000 0.000000
vn 0.000000 -1.000000 0.000000
vn 0.000000 -1.000000 0.000000
vn 0.000000 -1.000000 0.000000
vn 0.000000 -1.000000 0.000000
vn 0.000000 -1.000000 0.000000
vn 0.000000 -1.000000 0.000000
vn 0.000000 -1.000000 0.000000
vn 0.000000 -1.000000 0.000000
vn 0.000000 -1.000000 0.000000
vn 0.000000 -1.000000 0.000000
vn 0.000000 -1.000000 0.000000
vn 0.000000 -1.000000 0.000000
vn 0.000000 -1.000000 0.000000
vn 0.000000 -1.000000 0.000000
vn 0.000000 -1.000000 0.000000
vn 0.000000 -1.000000 0.000000
vn 0.000000 -1.000000 0.000000
vn 0.000000 -1.000000 0.000000
vn 0.000000 -1.000000 0.000000
vn 0.000000 -1.000000 0.000000
vn 0.000000 -1.000000 0.000000
vn 0.000000 -1.000000 0.000000
vn 0.000000 -1.000000 0.000000
vn 0.000000 -1.000000 0.000000
vn 0.000000 -1.000000 0.000000
vn 0.000000 -1.000000 0.000000
vn 0.000000 -1.000000 0.000000
vn 0.000000 -1.000000 0.000000
vn 0.000000 -1.000000 0.000000
vn 0.000000 -1.000000 0.000000
vn 0.000000 -1.000000 0.000000
vn 0.000000 -1.000000 0.000000
vn 0.000000 -1.000000 0.000000
vn 0.000000 -1.000000 0.000000
vn 0.000000 -1.000000 0.000000
vn 0.000000 -1.000000 0.000000
vn 0.000000 -1.000000 0.000000
vn 0.000000 -1.000000 0.000000
vn 0.000000 -1.000000 0.000000
vn 0.000000 -1.000000 0.000000
vn 0.000000 -1.000000 0.000000
vn 0.000000 -1.000000 0.000000
vn 0.000000 -1.000000 0.000000
vn 0.000000 -1.000000 0.000000
vn 0.000000 -1.000000 0.000000
vn 0.000000 -1.000000 0.000000
vn 0.000000 -1.000000 0.000000
vn 0.000000 -1.000000 0.000000
vn 0.000000 -1.000000 0.000000
vn 0.000000 -1.000000 0.000000
vn 0.000000 -1.000000 0.000000
vn 0.000000 -1.000000 0.000000
vn 0.000000 -1.000000 0.000000
vn 0.000000 -1.000000 0.000000
vn 0.000000 -1.000000 0.000000
vn 0.000000 -1.000000 0.000000
vn 0.000000 -1.000000 0.000000
vn 0.000000 -1.000000 0.000000
vn 0.000000 -1.000000 0.000000
vn 0.000000 -1.000000 0.000000
vn 0.000000 -1.000000 0.000000
vn 0.000000 -1.000000 0.000000
vn 0.000000 -1.000000 0.000000
vn 0.000000 -1.000000 0.000000
vn 0.000000 -1.000000 0.000000
vn 0.000000 -1.000000 0.000000
vn 0.000000 -1.000000 0.000000
vn 0.000000 -1.000000 0.000000
vn 0.000000 -1.000000 0.000000
vn 0.000000 -1.000000 0.000000
vn 0.000000 -1.000000 0.000000
vn 0.000000 -1.000000 0.000000
vn 0.000000 -1.000000 0.000000
vn 0.000000 -1.000000 0.000000
vn 0.000000 -1.000000 0.000000
vn 0.000000 -1.000000 0.000000
vn 0.000000 -1.000000 0.000000
vn 0.000000 -1.000000 0.000000
vn 0.000000 -1.000000 0.000000
vn 0.000000 -1.000000 0.000000
vn 0.000000 -1.000000 0.000000
vn 0.000000 -1.000000 0.000000
vn 0.000000 -1.000000 0.000000
vn 0.000000 -1.000000 0.000000
vn 0.000000 -1.000000 0.000000
vn 0.000000 -1.000000 0.000000
vn 0.000000 -1.000000 0.000000
vn 0.000000 -1.000000 0.000000
vn 0.000000 -1.000000 0.000000
vn 0.000000 -1.000000 0.000000
vn 0.000000 -1.000000 0.000000
vn 0.000000 -1.000000 0.000000
vn 0.000000 -1.000000 0.000000
vn 0.000000 -1.000000 0.000000
vn 0.000000 -1.000000 0.000000
vn 0.000000 -1.000000 0.000000
vn 0.000000 -1.000000 0.000000
vn 0.000000 -1.000000 0.000000
vn 0.000000 -1.000000 0.000000
vn 0.000000 -1.000000 0.000000
vn 0.000000 -1.000000 0.000000
vn 0.000000 -1.000000 0.000000
vn 0.000000 -1.000000 0.000000
vn 0.000000 -1.000000 0.000000
vn 0.000000 -1.000000 0.000000
vn 0.000000 -1.000000 0.000000
vn 0.000000 -1.000000 0.000000
vn 0.000000 -1.000000 0.000000
vn 0.000000 -1.000000 0.000000
vn 0.000000 -1.000000 0.000000
vn 0.000000 -1.000000 0.000000
vn 0.000000 -1.000000 0.000000
vn 0.000000 -1.000000 0.000000
vn 0.000000 -1.000000 0.000000
vn 0.000000 -1.000000 0.000000
vn 0.000000 -1.000000 0.000000
vn 0.000000 -1.000000 0.000000
vn 0.000000 -1.000000 0.000000
vn 0.000000 -1.000000 0.000000
vn 0.000000 -1.000000 0.000000
vn 0.000000 -1.000000 0.000000
vn 0.000000 -1.000000 0.000000
vn 0.000000 -1.000000 0.000000
vn 0.000000 -1.000000 0.000000
vn 0.000000 -1.000000 0.000000
vn 0.000000 -1.000000 0.000000
vn 0.000000 -1.000000 0.000000
vn 0.000000 -1.000000 0.000000
vn 0.000000 -1.000000 0.000000
vn 0.000000 -1.000000 0.000000
vn 0.000000 -1.000000 0.000000
vn 0.000000 -1.000000 0.000000
vn 0.000000 -1.000000 0.000000
vn 0.000000 -1.000000 0.000000
vn 0.000000 -1.000000 0.000000
vn 0.000000 -1.000000 0.000000
vn 0.000000 -1.000000 0.000000
vn 0.000000 -1.000000 0.000000
vn 0.000000 -1.000000 0.000000
vn 0.000000 -1.000000 0.000000
vn 0.000000 -1.000000 0.000000
vn 0.000000 -1.000000 0.000000
vn 0.000000 -1.000000 0.000000
vn 0.000000 -1.000000 0.000000
vn 0.000000 -1.000000 0.000000
vn 0.000000 -1.000000 0.000000
vn 0.000000 -1.000000 0.000000
vn 0.000000 -1.000000 0.000000
vn 0.000000 -1.000000 0.000000
vn 0.000000 -1.000000 0.000000
vn 0.000000 -1.000000 0.000000
vn 0.000000 -1.000000 0.000000
vn 0.000000 -1.000000 0.000000
vn 0.000000 -1.000000 0.000000
vn 0.000000 -1.000000 0.000000
vn 0.000000 -1.000000 0.000000
vn 0.000000 -1.000000 0.000000
vn 0.000000 -1.000000 0.000000
vn 0.000000 -1.000000 0.000000
vn 0.000000 -1.000000 0.000000
vn 0.000000 -1.000000 0.000000
vn 0.000000 -1.000000 0.000000
vn 0.000000 -1.000000 0.000000
vn 0.000000 -1.000000 0.000000
vn 0.000000 -1.000000 0.000000
vn 0.000000 -1.000000 0.000000
vn 0.000000 -1.000000 0.000000
vn 0.000000 -1.000000 0.000000
vn 0.000000 -1.000000 0.000000
vn 0.000000 -1.000000 0.000000
vn 0.000000 -1.000000 0.000000
vn 0.000000 -1.000000 0.000000
vn 0.000000 -1.000000 0.000000
vn 0.000000 -1.000000 0.000000
vn 0.000000 -1.000000 0.000000
vn 0.000000 -1.000000 0.000000
vn 0.000000 -1.000000 0.000000
vn 0.000000 -1.000000 0.000000
vn 0.000000 -1.000000 0.000000
vn 0.000000 -1.000000 0.000000
vn 0.000000 -1.000000 0.000000
vn 0.000000 -1.000000 0.000000
vn 0.000000 -1.000000 0.000000
vn 0.000000 -1.000000 0.000000
vn 0.000000 -1.000000 0.000000
vn 0.000000 -1.000000 0.000000
vn 0.000000 -1.000000 0.000000
vn 0.000000 -1.000000 0.000000
vn 0.000000 -1.000000 0.000000
vn 0.000000 -1.000000 0.000000
vn 0.000000 -1.000000 0.000000
vn 0.000000 -1.000000 0.000000
vn 0.000000 -1.000000 0.000000
vn 0.000000 -1.000000 0.000000
vn 0.000000 -1.000000 0.000000
vn 0.000000 -1.000000 0.000000
vn 0.000000 -1.000000 0.000000
vn 0.000000 -1.000000 0.000000
vn 0.000000 -1.000000 0.000000
vn 0.000000 -1.000000 0.000000
vn 0.000000 -1.000000 0.000000
vn 0.000000 -1.000000 0.000000
vn 0.000000 -1.000000 0.000000
vn 0.000000 -1.000000 0.000000
vn 0.000000 -1.000000 0.000000
vn 0.000000 -1.000000 0.000000
vn 0.000000 -1.000000 0.000000
vn 0.000000 -1.000000 0.000000
vn 0.000000 -1.000000 0.000000
vn 0.000000 -1.000000 0.000000
vn 0.000000 -1.000000 0.000000
vn 1.000000 0.000000 0.000000
vn 1.000000 0.000000 0.000000
vn 1.000000 0.000000 0.000000
vn 1.000000 0.000000 0.000000
vn 1.000000 0.000000 0.000000
vn 1.000000 0.000000 0.000000
vn 1.000000 0.000000 0.000000
vn 1.000000 0.000000 0.000000
vn 1.000000 0.000000 0.000000
vn 1.000000 0.000000 0.000000
vn 1.000000 0.000000 0.000000
vn 1.000000 0.000000 0.000000
vn 1.000000 0.000000 0.000000
vn 1.000000 0.000000 0.000000
vn 1.000000 0.000000 0.000000
vn 1.000000 0.000000 0.000000
vn 1.000000 0.000000 0.000000
vn 1.000000 0.000000 0.000000
vn 1.000000 0.000000 0.000000
vn 1.000000 0.000000 0.000000
vn 1.000000 0.000000 0.000000
vn 1.000000 0.000000 0.000000
vn 1.000000 0.000000 0.000000
vn 1.000000 0.000000 0.000000
vn 1.000000 0.000000 0.000000
vn 1.000000 0.000000 0.000000
vn 1.000000 0.000000 0.000000
vn 1.000000 0.000000 0.000000
vn 1.000000 0.000000 0.000000
vn 1.000000 0.000000 0.000000
vn 1.000000 0.000000 0.000000
vn 1.000000 0.000000 0.000000
vn 1.000000 0.000000 0.000000
vn 1.000000 0.000000 0.000000
vn 1.000000 0.000000 0.000000
vn 1.000000 0.000000 0.000000
vn 1.000000 0.000000 0.000000
vn 1.000000 0.000000 0.000000
vn 1.000000 0.000000 0.000000
vn 1.000000 0.000000 0.000000
vn 1.000000 0.000000 0.000000
vn 1.000000 0.000000 0.000000
vn 1.000000 0.000000 0.000000
vn 1.000000 0.000000 0.000000
vn 1.000000 0.000000 0.000000
vn 1.000000 0.000000 0.000000
vn 1.000000 0.000000 0.000000
vn 1.000000 0.000000 0.000000
vn 1.000000 0.000000 0.000000
vn 1.000000 0.000000 0.000000
vn 1.000000 0.000000 0.000000
vn 1.000000 0.000000 0.000000
vn 1.000000 0.000000 0.000000
vn 1.000000 0.000000 0.000000
vn 1.000000 0.000000 0.000000
vn 1.000000 0.000000 0.000000
vn 1.000000 0.000000 0.000000
vn 1.000000 0.000000 0.000000
vn 1.000000 0.000000 0.000000
vn 1.000000 0.000000 0.000000
vn 1.000000 0.000000 0.000000
vn 1.000000 0.000000 0.000000
vn 1.000000 0.000000 0.000000
vn 1.000000 0.000000 0.000000
vn 1.000000 0.000000 0.000000
vn 1.000000 0.000000 0.000000
vn 1.000000 0.000000 0.000000
vn 1.000000 0.000000 0.000000
vn 1.000000 0.000000 0.000000
vn 1.000000 0.000000 0.000000
vn 1.000000 0.000000 0.000000
vn 1.000000 0.000000 0.000000
vn 1.000000 0.000000 0.000000
vn 1.000000 0.000000 0.000000
vn 1.000000 0.000000 0.000000
vn 1.000000 0.000000 0.000000
vn 1.000000 0.000000 0.000000
vn 1.000000 0.000000 0.000000
vn 1.000000 0.000000 0.000000
vn 1.000000 0.000000 0.000000
vn 1.000000 0.000000 0.000000
vn 1.000000 0.000000 0.000000
vn 1.000000 0.000000 0.000000
vn 1.000000 0.000000 0.000000
vn 1.000000 0.000000 0.000000
vn 1.000000 0.000000 0.000000
vn 1.000000 0.000000 0.000000
vn 1.000000 0.000000 0.000000
vn 1.000000 0.000000 0.000000
vn 1.000000 0.000000 0.000000
vn 1.000000 0.000000 0.000000
vn 1.000000 0.000000 0.000000
vn 1.000000 0.000000 0.000000
vn 1.000000 0.000000 0.000000
vn 1.000000 0.000000 0.000000
vn 1.000000 0.000000 0.000000
vn 1.000000 0.000000 0.000000
vn 1.000000 0.000000 0.000000
vn 1.000000 0.000000 0.000000
vn 1.000000 0.000000 0.000000
vn 1.000000 0.000000 0.000000
vn 1.000000 0.000000 0.000000
vn 1.000000 0.000000 0.000000
vn 1.000000 0.000000 0.000000
vn 1.000000 0.000000 0.000000
vn 1.000000 0.000000 0.000000
vn 1.000000 0.000000 0.000000
vn 1.000000 0.000000 0.000000
vn 1.000000 0.000000 0.000000
vn 1.000000 0.000000 0.000000
vn 1.000000 0.000000 0.000000
vn 1.000000 0.000000 0.000000
vn 1.000000 0.000000 0.000000
vn 1.000000 0.000000 0.000000
vn 1.000000 0.000000 0.000000
vn 1.000000 0.000000 0.000000
vn 1.000000 0.000000 0.000000
vn 1.000000 0.000000 0.000000
vn 1.000000 0.000000 0.000000
vn 1.000000 0.000000 0.000000
vn 1.000000 0.000000 0.000000
vn 1.000000 0.000000 0.000000
vn 1.000000 0.000000 0.000000
vn 1.000000 0.000000 0.000000
vn 1.000000 0.000000 0.000000
vn 1.000000 0.000000 0.000000
vn 1.000000 0.000000 0.000000
vn 1.000000 0.000000 0.000000
vn 1.000000 0.000000 0.000000
vn 1.000000 0.000000 0.000000
vn 1.000000 0.000000 0.000000
vn 1.000000 0.000000 0.000000
vn -1.000000 0.000000 0.000000
vn -1.000000 0.000000 0.000000
vn -1.000000 0.000000 0.000000
vn -1.000000 0.000000 0.000000
vn -1.000000 0.000000 0.000000
vn -1.000000 0.000000 0.000000
vn -1.000000 0.000000 0.000000
vn -1.000000 0.000000 0.000000
vn -1.000000 0.000000 0.000000
vn -1.000000 0.000000 0.000000
vn -1.000000 0.000000 0.000000
vn -1.000000 0.000000 0.000000
vn -1.000000 0.000000 0.000000
vn -1.000000 0.000000 0.000000
vn -1.000000 0.000000 0.000000
vn -1.000000 0.000000 0.000000
vn -1.000000 0.000000 0.000000
vn -1.000000 0.000000 0.000000
vn -1.000000 0.000000 0.000000
vn -1.000000 0.000000 0.000000
vn -1.000000 0.000000 0.000000
vn -1.000000 0.000000 0.000000
vn -1.000000 0.000000 0.000000
vn -1.000000 0.000000 0.000000
vn -1.000000 0.000000 0.000000
vn -1.000000 0.000000 0.000000
vn -1.000000 0.000000 0.000000
vn -1.000000 0.000000 0.000000
vn -1.000000 0.000000 0.000000
vn -1.000000 0.000000 0.000000
vn -1.000000 0.000000 0.000000
vn -1.000000 0.000000 0.000000
vn -1.000000 0.000000 0.000000
vn -1.000000 0.000000 0.000000
vn -1.000000 0.000000 0.000000
vn -1.000000 0.000000 0.000000
vn -1.000000 0.000000 0.000000
vn -1.000000 0.000000 0.000000
vn -1.000000 0.000000 0.000000
vn -1.000000 0.000000 0.000000
vn -1.000000 0.000000 0.000000
vn -1.000000 0.000000 0.000000
vn -1.000000 0.000000 0.000000
vn -1.000000 0.000000 0.000000
vn -1.000000 0.000000 0.000000
vn -1.000000 0.000000 0.000000
vn -1.000000 0.000000 0.000000
vn -1.000000 0.000000 0.000000
vn -1.000000 0.000000 0.000000
vn -1.000000 0.000000 0.000000
vn -1.000000 0.000000 0.000000
vn -1.000000 0.000000 0.000000
vn -1.000000 0.000000 0.000000
vn -1.000000 0.000000 0.000000
vn -1.000000 0.000000 0.000000
vn -1.000000 0.000000 0.000000
vn -1.000000 0.000000 0.000000
vn -1.000000 0.000000 0.000000
vn -1.000000 0.000000 0.000000
vn -1.000000 0.000000 0.000000
vn -1.000000 0.000000 0.000000
vn -1.000000 0.000000 0.000000
vn -1.000000 0.000000 0.000000
vn -1.000000 0.000000 0.000000
vn -1.000000 0.000000 0.000000
vn -1.000000 0.000000 0.000000
vn -1.000000 0.000000 0.000000
vn -1.000000 0.000000 0.000000
vn -1.000000 0.000000 0.000000
vn -1.000000 0.000000 0.000000
vn -1.000000 0.000000 0.000000
vn -1.000000 0.000000 0.000000
vn -1.000000 0.000000 0.000000
vn -1.000000 0.000000 0.000000
vn -1.000000 0.000000 0.000000
vn -1.000000 0.000000 0.000000
vn -1.000000 0.000000 0.000000
vn -1.000000 0.000000 0.000000
vn -1.000000 0.000000 0.000000
vn -1.000000 0.000000 0.000000
vn -1.000000 0.000000 0.000000
vn -1.000000 0.000000 0.000000
vn -1.000000 0.000000 0.000000
vn -1.000000 0.000000 0.000000
vn -1.000000 0.000000 0.000000
vn -1.000000 0.000000 0.000000
vn -1.000000 0.000000 0.000000
vn -1.000000 0.000000 0.000000
vn -1.000000 0.000000 0.000000
vn -1.000000 0.000000 0.000000
vn -1.000000 0.000000 0.000000
vn -1.000000 0.000000 0.000000
vn -1.000000 0.000000 0.000000
vn -1.000000 0.000000 0.000000
vn -1.000000 0.000000 0.000000
vn -1.000000 0.000000 0.000000
vn -1.000000 0.000000 0.000000
vn -1.000000 0.000000 0.000000
vn -1.000000 0.000000 0.000000
vn -1.000000 0.000000 0.000000
vn -1.000000 0.000000 0.000000
vn -1.000000 0.000000 0.000000
vn -1.000000 0.000000 0.000000
vn -1.000000 0.000000 0.000000
vn -1.000000 0.000000 0.000000
vn -1.000000 0.000000 0.000000
vn -1.000000 0.000000 0.000000
vn -1.000000 0.000000 0.000000
vn -1.000000 0.000000 0.000000
vn -1.000000 0.000000 0.000000
vn -1.000000 0.000000 0.000000
vn -1.000000 0.000000 0.000000
vn -1.000000 0.000000 0.000000
vn -1.000000 0.000000 0.000000
vn -1.000000 0.000000 0.000000
vn -1.000000 0.000000 0.000000
vn -1.000000 0.000000 0.000000
vn -1.000000 0.000000 0.000000
vn -1.000000 0.000000 0.000000
vn -1.000000 0.000000 0.000000
vn -1.000000 0.000000 0.000000
vn -1.000000 0.000000 0.000000
vn -1.000000 0.000000 0.000000
vn -1.000000 0.000000 0.000000
vn -1.000000 0.000000 0.000000
vn -1.000000 0.000000 0.000000
vn -1.000000 0.000000 0.000000
vn -1.000000 0.000000 0.000000
vn -1.000000 0.000000 0.000000
vn -1.000000 0.000000 0.000000
vn -1.000000 0.000000 0.000000
vn -1.000000 0.000000 0.000000
vn 0.000000 0.000000 -1.000000
vn 0.000000 0.000000 -1.000000
vn -1.000000 0.000000 0.000000
vn -1.000000 0.000000 0.000000
vn -1.000000 0.000000 0.000000
vn -1.000000 0.000000 0.000000
vn 0.000000 0.000000 -1.000000
vn 0.000000 0.000000 -1.000000
vn 0.000000 0.000000 -1.000000
vn 0.000000 0.000000 -1.000000
vn 1.000000 0.000000 0.000000
vn 1.000000 0.000000 0.000000
vn 1.000000 0.000000 0.000000
vn 1.000000 0.000000 0.000000
vn 0.000000 0.000000 -1.000000
vn 0.000000 0.000000 -1.000000
vn 0.000000 0.000000 -1.000000
vn 0.000000 0.000000 -1.000000
vn -1.000000 0.000000 0.000000
vn -1.000000 0.000000 0.000000
vn -1.000000 0.000000 0.000000
vn -1.000000 0.000000 0.000000
vn 0.000000 0.000000 -1.000000
vn 0.000000 0.000000 -1.000000
vn 0.000000 0.000000 -1.000000
vn 0.000000 0.000000 -1.000000
vn 1.000000 0.000000 0.000000
vn 1.000000 0.000000 0.000000
vn 0.000000 0.000000 -1.000000
vn 0.000000 0.000000 -1.000000
vn 0.000000 0.000000 -1.000000
vn 0.000000 0.000000 -1.000000
vn -1.000000 0.000000 0.000000
vn -1.000000 0.000000 0.000000
vn 1.000000 0.000000 0.000000
vn 1.000000 0.000000 0.000000
vn 0.000000 0.000000 1.000000
vn 0.000000 0.000000 1.000000
vn 0.000000 0.000000 1.000000
vn 0.000000 0.000000 1.000000
vn -1.000000 0.000000 0.000000
vn 1.000000 0.000000 0.000000
vn 1.000000 0.000000 0.000000
vn -1.000000 0.000000 0.000000
vn -1.000000 0.000000 0.000000
vn -1.000000 0.000000 0.000000
vn -1.000000 0.000000 0.000000
vn 0.000000 0.000000 -1.000000
vn 0.000000 0.000000 -1.000000
vn 0.000000 0.000000 -1.000000
vn 0.000000 0.000000 -1.000000
vn 1.000000 0.000000 0.000000
vn 1.000000 0.000000 0.000000
vn -1.000000 0.000000 0.000000
vn -1.000000 0.000000 0.000000
vn 1.000000 0.000000 0.000000
vn 0.000000 0.000000 -1.000000
vn 0.000000 0.000000 -1.000000
vn 0.000000 0.000000 -1.000000
vn 0.000000 0.000000 -1.000000
vn -1.000000 0.000000 0.000000
vn -1.000000 0.000000 0.000000
vn 1.000000 0.000000 0.000000
vn -1.000000 0.000000 0.000000
vn 1.000000 0.000000 0.000000
vn 0.000000 0.000000 1.000000
vn 0.000000 0.000000 1.000000
vn 0.000000 0.000000 1.000000
vn 0.000000 0.000000 1.000000
vn -1.000000 0.000000 0.000000
vn 0.000000 0.000000 1.000000
vn 0.000000 0.000000 1.000000
vn 0.000000 0.000000 1.000000
vn 0.000000 0.000000 1.000000
vn 0.000000 0.000000 1.000000
vn 0.000000 0.000000 1.000000
vn 0.000000 0.000000 1.000000
vn 0.000000 0.000000 1.000000
vn 1.000000 0.000000 0.000000
vn 0.000000 0.000000 1.000000
vn 0.000000 0.000000 1.000000
vn -1.000000 0.000000 0.000000
vn -1.000000 0.000000 0.000000
vn -1.000000 0.000000 0.000000
vn -1.000000 0.000000 0.000000
vn 0.000000 0.000000 1.000000
vn 0.000000 0.000000 1.000000
vn 0.000000 0.000000 1.000000
vn 1.000000 0.000000 0.000000
vn 0.000000 0.000000 1.000000
vn 0.000000 0.000000 -1.000000
vn 0.000000 0.000000 -1.000000
vn -1.000000 0.000000 0.000000
vn -1.000000 0.000000 0.000000
vn 0.000000 0.000000 -1.000000
vn 0.000000 0.000000 -1.000000
vn 0.000000 0.000000 -1.000000
vn 0.000000 0.000000 -1.000000
vn 0.000000 0.000000 -1.000000
vn 0.000000 0.000000 -1.000000
vn 0.000000 0.000000 -1.000000
vn 0.000000 0.000000 -1.000000
vn 0.000000 0.000000 -1.000000
vn 0.000000 0.000000 -1.000000
vn 0.000000 0.000000 -1.000000
vn 0.000000 0.000000 -1.000000
vn 1.000000 0.000000 0.000000
vn 1.000000 0.000000 0.000000
vn -1.000000 0.000000 0.000000
vn -1.000000 0.000000 0.000000
vn 1.000000 0.000000 0.000000
vn -1.000000 0.000000 0.000000
vn 1.000000 0.000000 0.000000
vn -1.000000 0.000000 0.000000
vn 1.000000 0.000000 0.000000
vn 1.000000 0.000000 0.000000
vn -1.000000 0.000000 0.000000
vn 1.000000 0.000000 0.000000
vn 1.000000 0.000000 0.000000
vn -1.000000 0.000000 0.000000
vn -1.000000 0.000000 0.000000
vn 1.000000 0.000000 0.000000
vn 1.000000 0.000000 0.000000
vn -1.000000 0.000000 0.000000
vn -1.000000 0.000000 0.000000
vn 1.000000 0.000000 0.000000
vn 1.000000 0.000000 0.000000
vn 0.000000 0.000000 1.000000
vn 0.000000 0.000000 1.000000
vn -1.000000 0.000000 0.000000
vn -1.000000 0.000000 0.000000
vn 0.000000 0.000000 1.000000
vn 0.000000 0.000000 1.000000
vn 0.000000 0.000000 1.000000
vn 0.000000 0.000000 1.000000
vn 0.000000 0.000000 1.000000
vn 0.000000 0.000000 1.000000
vn 0.000000 0.000000 1.000000
vn 0.000000 0.000000 1.000000
vn 0.000000 0.000000 1.000000
vn 1.000000 0.000000 0.000000
vn 1.000000 0.000000 0.000000
vn 0.000000 0.000000 1.000000
vn 0.000000 0.000000 1.000000
vn 0.000000 0.000000 -1.000000
vn 0.000000 0.000000 -1.000000
vn -1.000000 0.000000 0.000000
vn -1.000000 0.000000 0.000000
vn -1.000000 0.000000 0.000000
vn -1.000000 0.000000 0.000000
vn 0.000000 0.000000 -1.000000
vn 0.000000 0.000000 -1.000000
vn 0.000000 0.000000 -1.000000
vn 1.000000 0.000000 0.000000
vn 1.000000 0.000000 0.000000
vn 1.000000 0.000000 0.000000
vn 1.000000 0.000000 0.000000
vn 0.000000 0.000000 -1.000000
vn 0.000000 0.000000 -1.000000
vn 0.000000 0.000000 -1.000000
vn 0.000000 0.000000 -1.000000
vn -1.000000 0.000000 0.000000
vn -1.000000 0.000000 0.000000
vn -1.000000 0.000000 0.000000
vn -1.000000 0.000000 0.000000
vn 0.000000 0.000000 -1.000000
vn 0.000000 0.000000 -1.000000
vn 0.000000 0.000000 -1.000000
vn 0.000000 0.000000 -1.000000
vn 1.000000 0.000000 0.000000
vn 1.000000 0.000000 0.000000
vn 1.000000 0.000000 0.000000
vn 1.000000 0.000000 0.000000
vn 0.000000 0.000000 1.000000
vn 0.000000 0.000000 1.000000
vn 0.000000 0.000000 1.000000
vn 0.000000 0.000000 1.000000
vn -1.000000 0.000000 0.000000
vn -1.000000 0.000000 0.000000
vn 0.000000 0.000000 -1.000000
vn 0.000000 0.000000 -1.000000
vn 0.000000 0.000000 -1.000000
vn 0.000000 0.000000 -1.000000
vn 1.000000 0.000000 0.000000
vn 1.000000 0.000000 0.000000
vn 0.000000 0.000000 1.000000
vn 0.000000 0.000000 1.000000
vn 0.000000 0.000000 1.000000
vn 0.000000 0.000000 1.000000
vn -1.000000 0.000000 0.000000
vn -1.000000 0.000000 0.000000
vn -1.000000 0.000000 0.000000
vn -1.000000 0.000000 0.000000
vn 0.000000 0.000000 1.000000
vn 0.000000 0.000000 1.000000
vn 1.000000 0.000000 0.000000
vn -1.000000 0.000000 0.000000
vn -1.000000 0.000000 0.000000
vn -1.000000 0.000000 0.000000
vn -1.000000 0.000000 0.000000
vn 1.000000 0.000000 0.000000
vn 0.000000 0.000000 1.000000
vn 0.000000 0.000000 1.000000
vn 0.000000 0.000000 1.000000
vn 0.000000 0.000000 1.000000
vn 0.000000 0.000000 1.000000
vn 0.000000 0.000000 1.000000
vn 0.000000 0.000000 1.000000
vn 0.000000 0.000000 1.000000
vn -1.000000 0.000000 0.000000
vn -1.000000 0.000000 0.000000
vn 1.000000 0.000000 0.000000
vn 1.000000 0.000000 0.000000
vn 1.000000 0.000000 0.000000
vn 1.000000 0.000000 0.000000
vn 0.000000 0.000000 1.000000
vn 0.000000 0.000000 1.000000
vn 0.000000 0.000000 1.000000
vn 0.000000 0.000000 1.000000
vn 1.000000 0.000000 0.000000
vn 1.000000 0.000000 0.000000
vn 1.000000 0.000000 0.000000
vn 1.000000 0.000000 0.000000
vn 0.000000 0.000000 1.000000
vn 0.000000 0.000000 1.000000
vn 0.000000 0.000000 1.000000
vn 0.000000 0.000000 1.000000
vn -1.000000 0.000000 0.000000
vn -1.000000 0.000000 0.000000
vn -1.000000 0.000000 0.000000
vn -1.000000 0.000000 0.000000
vn 0.000000 0.000000 -1.000000
vn 0.000000 0.000000 -1.000000
vn 0.000000 0.000000 -1.000000
vn 0.000000 0.000000 -1.000000
vn -1.000000 0.000000 0.000000
vn -1.000000 0.000000 0.000000
vn 0.000000 0.000000 -1.000000
vn 0.000000 0.000000 -1.000000
vn 1.000000 0.000000 0.000000
vn 1.000000 0.000000 0.000000
vn 1.000000 0.000000 0.000000
vn 1.000000 0.000000 0.000000
vn -1.000000 0.000000 0.000000
vn 0.000000 0.000000 -1.000000
vn 0.000000 0.000000 -1.000000
vn 0.000000 0.000000 -1.000000
vn 0.000000 0.000000 -1.000000
vn 1.000000 0.000000 0.000000
vn 1.000000 0.000000 0.000000
vn 1.000000 0.000000 0.000000
vn 1.000000 0.000000 0.000000
vn 0.000000 0.000000 1.000000
vn 0.000000 0.000000 1.000000
vn 0.000000 0.000000 1.000000
vn 0.000000 0.000000 1.000000
vn -1.000000 0.000000 0.000000
vn 0.000000 0.000000 1.000000
vn 0.000000 0.000000 1.000000
vn 0.000000 0.000000 1.000000
vn 0.000000 0.000000 1.000000
vn 0.000000 0.000000 -1.000000
vn 0.000000 0.000000 -1.000000
vn 0.000000 0.000000 -1.000000
vn 0.000000 0.000000 -1.000000
vn 1.000000 0.000000 0.000000
vn 1.000000 0.000000 0.000000
vn 1.000000 0.000000 0.000000
vn 1.000000 0.000000 0.000000
vn 0.000000 0.000000 1.000000
vn 0.000000 0.000000 1.000000
vn 0.000000 0.000000 -1.000000
vn 0.000000 0.000000 -1.000000
vn 0.000000 0.000000 -1.000000
vn 0.000000 0.000000 -1.000000
vn -1.000000 0.000000 0.000000
vn -1.000000 0.000000 0.000000
vn -1.000000 0.000000 0.000000
vn -1.000000 0.000000 0.000000
vn 0.000000 0.000000 -1.000000
vn 0.000000 0.000000 -1.000000
vn 1.000000 0.000000 0.000000
vn 1.000000 0.000000 0.000000
vn 1.000000 0.000000 0.000000
vn 1.000000 0.000000 0.000000
vn 0.000000 0.000000 1.000000
vn 0.000000 0.000000 1.000000
vn 0.000000 0.000000 1.000000
vn 0.000000 0.000000 1.000000
vn -1.000000 0.000000 0.000000
vn -1.000000 0.000000 0.000000
vn 1.000000 0.000000 0.000000
vn 1.000000 0.000000 0.000000
vn -1.000000 0.000000 0.000000
vn -1.000000 0.000000 0.000000
vn -1.000000 0.000000 0.000000
vn -1.000000 0.000000 0.000000
vn 0.000000 0.000000 -1.000000
vn 0.000000 0.000000 -1.000000
vn 0.000000 0.000000 -1.000000
vn 0.000000 0.000000 -1.000000
vn 1.000000 0.000000 0.000000
vn 1.000000 0.000000 0.000000
vn 1.000000 0.000000 0.000000
vn 1.000000 0.000000 0.000000
vn 0.000000 0.000000 1.000000
vn 0.000000 0.000000 1.000000
vn 0.000000 0.000000 1.000000
vn 0.000000 0.000000 1.000000
vn -1.000000 0.000000 0.000000
vn -1.000000 0.000000 0.000000
vn 1.000000 0.000000 0.000000
vn 1.000000 0.000000 0.000000
vn 0.000000 0.000000 1.000000
vn 0.000000 0.000000 1.000000
vn 0.000000 0.000000 -1.000000
vn 0.000000 0.000000 -1.000000
vn 0.000000 0.000000 -1.000000
vn -1.000000 0.000000 0.000000
vn -1.000000 0.000000 0.000000
vn -1.000000 0.000000 0.000000
vn -1.000000 0.000000 0.000000
vn 0.000000 0.000000 -1.000000
vn 1.000000 0.000000 0.000000
vn 1.000000 0.000000 0.000000
vn 0.000000 0.000000 1.000000
vn 0.000000 0.000000 1.000000
vn -1.000000 0.000000 0.000000
vn -1.000000 0.000000 0.000000
vn 1.000000 0.000000 0.000000
vn 1.000000 0.000000 0.000000
vn 0.000000 0.000000 1.000000
vn 0.000000 0.000000 -1.000000
vn 0.000000 0.000000 -1.000000
vn -1.000000 0.000000 0.000000
vn -1.000000 0.000000 0.000000
vn 0.000000 0.000000 -1.000000
vn 1.000000 0.000000 0.000000
vn 1.000000 0.000000 0.000000
vn 0.000000 0.000000 1.000000
vn 0.000000 0.000000 1.000000
vn -1.000000 0.000000 0.000000
vn 1.000000 0.000000 0.000000
vn 0.000000 0.000000 1.000000
vn 0.000000 0.000000 1.000000
vn 0.000000 0.000000 -1.000000
vn 0.000000 0.000000 -1.000000
vn 0.000000 0.000000 -1.000000
vn 0.000000 0.000000 -1.000000
vn 1.000000 0.000000 0.000000
vn 1.000000 0.000000 0.000000
vn 0.000000 0.000000 1.000000
vn 0.000000 0.000000 1.000000
vn -1.000000 0.000000 0.000000
vn -1.000000 0.000000 0.000000
vn -1.000000 0.000000 0.000000
vn -1.000000 0.000000 0.000000
vn 0.000000 0.000000 -1.000000
vn 0.000000 0.000000 -1.000000
vn 1.000000 0.000000 0.000000
vn 1.000000 0.000000 0.000000
vn -1.000000 0.000000 0.000000
vn -1.000000 0.000000 0.000000
vn -1.000000 0.000000 0.000000
vn -1.000000 0.000000 0.000000
vn 0.000000 0.000000 -1.000000
vn 0.000000 0.000000 -1.000000
vn 0.000000 0.000000 -1.000000
vn 0.000000 0.000000 -1.000000
vn 0.000000 0.000000 1.000000
vn 0.000000 0.000000 1.000000
vn -1.000000 0.000000 0.000000
vn -1.000000 0.000000 0.000000
vn 1.000000 0.000000 0.000000
vn 0.000000 0.000000 1.000000
vn 0.000000 0.000000 -1.000000
vn 0.000000 0.000000 -1.000000
vn 1.000000 0.000000 0.000000
vn 1.000000 0.000000 0.000000
vn 0.000000 0.000000 1.000000
vn 0.000000 0.000000 1.000000
vn 0.000000 0.000000 1.000000
vn 0.000000 0.000000 1.000000
vn -1.000000 0.000000 0.000000
vn -1.000000 0.000000 0.000000
vn 0.000000 1.000000 0.000000
vn 0.000000 1.000000 0.000000
vn 0.000000 1.000000 0.000000
vn 0.000000 1.000000 0.000000
vn 0.000000 -1.000000 0.000000
vn 0.000000 -1.000000 0.000000
vn 0.000000 -1.000000 0.000000
vn 0.000000 -1.000000 0.000000
vn 0.000000 -1.000000 0.000000
vn 0.000000 -1.000000 0.000000
vn 0.000000 -1.000000 0.000000
vn 0.000000 -1.000000 0.000000
vn 0.000000 -1.000000 -0.000001
vn 0.000000 -1.000000 -0.000001
vn 0.000000 -1.000000 -0.000001
vn 0.000000 -1.000000 -0.000001
vn 0.000000 -1.000000 0.000001
vn 0.000000 -1.000000 0.000002
vn 0.000000 -1.000000 0.000003
vn 0.000000 -1.000000 0.000002
vn 0.000000 -1.000000 0.000001
vn 0.000000 -1.000000 -0.000001
vn 0.000000 -1.000000 0.000001
vn 0.000000 -1.000000 0.000004
vn 0.000000 -1.000000 0.000003
vn 0.000000 -1.000000 0.000003
vn 0.000000 1.000000 0.000000
vn 0.000000 1.000000 -0.000001
vn 0.000000 1.000000 -0.000002
vn 0.000000 1.000000 0.000002
vn 0.000000 1.000000 0.000002
vn 0.000000 1.000000 -0.000000
vn 0.000000 1.000000 -0.000001
vn 0.000000 1.000000 0.000000
vn 0.000000 1.000000 0.000001
vn 0.000000 1.000000 0.000000
vn 0.000000 1.000000 0.000000
vn 0.000000 1.000000 0.000001
vn 0.000000 1.000000 0.000000
vn 0.000000 1.000000 0.000002
vn 0.000000 1.000000 -0.000002
vn 0.000000 1.000000 -0.000001
vn 0.000000 1.000000 -0.000000
vn 0.000000 1.000000 -0.000000
vn 0.000000 1.000000 -0.000001
vn 0.000000 1.000000 -0.000001
vn 0.000000 1.000000 0.000000
vn 0.000000 1.000000 0.000000
vn 0.000000 -1.000000 -0.000001
vn 0.000000 -1.000000 0.000001
vn 0.000000 -1.000000 0.000001
vn 0.000000 -1.000000 0.000001
vn 0.000000 -1.000000 -0.000002
vn 0.000000 -1.000000 -0.000002
vn 0.000000 -1.000000 -0.000002
vn 0.000000 -1.000000 -0.000002
vn 0.000000 -1.000000 0.000001
vn 0.000000 -1.000000 0.000001
vn 0.000000 -1.000000 0.000002
vn 0.000000 -1.000000 0.000002
vn 0.000000 -1.000000 -0.000001
vn 0.000000 -1.000000 -0.000001
vn 0.000000 -1.000000 -0.000001
vn 0.000000 -1.000000 -0.000001
vn 0.000000 -1.000000 0.000001
vn 0.000000 -1.000000 0.000001
vn 0.000000 -1.000000 0.000000
vn 0.000000 -1.000000 -0.000002
vn 0.000000 -1.000000 -0.000002
vn 0.000000 -1.000000 -0.000002
vn 0.000000 -1.000000 0.000000
vn 0.000000 -1.000000 0.000000
vn 0.000000 -1.000000 0.000000
vn 0.000000 -1.000000 0.000000
vn 0.000000 -1.000000 0.000000
vn 0.000000 -1.000000 0.000000
vn 0.000000 -1.000000 0.000000
vn 0.000000 -1.000000 0.000000
vn 0.000000 -1.000000 0.000000
vn 0.000000 -1.000000 0.000000
vn 0.000000 -1.000000 0.000000
vn 0.000000 -1.000000 0.000000
vn 0.000000 -1.000000 0.000000
vn 0.000000 -1.000000 0.000000
vn 0.000000 -1.000000 0.000000
vn 0.000000 -1.000000 0.000000
vn 0.000000 -1.000000 0.000000
vn 0.000000 -1.000000 0.000000
vn 0.000000 1.000000 0.000000
vn 0.000000 1.000000 0.000000
vn 0.000000 1.000000 0.000000
vn 0.000000 1.000000 0.000000
vn 0.000000 1.000000 0.000000
vn 0.000000 1.000000 0.000000
vn 0.000000 1.000000 0.000000
vn 0.000000 1.000000 0.000000
vn 0.000000 1.000000 0.000000
vn 0.000000 -1.000000 0.000000
vn 0.000000 -1.000000 0.000000
vn 0.000000 -1.000000 0.000000
vn 0.000000 -1.000000 0.000000
vn 0.000000 -1.000000 0.000000
vn 0.000000 -1.000000 0.000000
vn 0.000000 -1.000000 0.000000
vn 0.000000 -1.000000 0.000000
vn 0.000000 -1.000000 0.000000
vn 0.000000 -1.000000 0.000000
vn 0.000000 -1.000000 0.000000
vn 0.000000 -1.000000 0.000000
vn 0.000000 -1.000000 0.000000
vn 0.000000 -1.000000 0.000000
vn 0.000000 -1.000000 0.000000
vn 0.000000 -1.000000 0.000000
vn 0.000000 -1.000000 0.000000
vn 0.000000 -1.000000 0.000000
vn 0.000000 1.000000 0.000000
vn 0.000000 1.000000 0.000000
vn 0.000000 1.000000 0.000000
vn 0.000000 1.000000 0.000000
vn 0.000000 1.000000 0.000000
vn 0.000000 1.000000 0.000000
vn 0.000000 1.000000 0.000000
vn 0.000000 1.000000 0.000000
vn 0.000000 1.000000 0.000000
s 1
g Island4
usemtl initialShadingGroup
f 1/1/1 2/2/2 13/13/3 12/12/4
f 2/2/2 3/3/5 14/14/6 13/13/3
f 3/3/5 4/4/7 15/15/8 14/14/6
f 4/4/7 5/5/9 16/16/10 15/15/8
f 5/5/9 6/6/11 17/17/12 16/16/10
f 6/6/11 7/7/13 18/18/14 17/17/12
f 7/7/13 8/8/15 19/19/16 18/18/14
f 8/8/15 9/9/17 20/20/18 19/19/16
f 9/9/17 10/10/19 21/21/20 20/20/18
f 10/10/19 11/11/21 22/22/22 21/21/20
f 12/12/4 13/13/3 24/24/23 23/23/24
f 13/13/3 14/14/6 25/25/25 24/24/23
f 14/14/6 15/15/8 26/26/26 25/25/25
f 15/15/8 16/16/10 27/27/27 26/26/26
f 16/16/10 17/17/12 28/28/28 27/27/27
f 17/17/12 18/18/14 29/29/29 28/28/28
f 18/18/14 19/19/16 30/30/30 29/29/29
f 19/19/16 20/20/18 31/31/31 30/30/30
f 20/20/18 21/21/20 32/32/32 31/31/31
f 21/21/20 22/22/22 33/33/33 32/32/32
f 23/23/24 24/24/23 35/35/34 34/34/35
f 24/24/23 25/25/25 36/36/36 35/35/34
f 25/25/25 26/26/26 37/37/37 36/36/36
f 26/26/26 27/27/27 38/38/38 37/37/37
f 27/27/27 28/28/28 39/39/39 38/38/38
f 28/28/28 29/29/29 40/40/40 39/39/39
f 29/29/29 30/30/30 41/41/41 40/40/40
f 30/30/30 31/31/31 42/42/42 41/41/41
f 31/31/31 32/32/32 43/43/43 42/42/42
f 32/32/32 33/33/33 44/44/44 43/43/43
f 34/34/35 35/35/34 46/46/45 45/45/46
f 35/35/34 36/36/36 47/47/47 46/46/45
f 36/36/36 37/37/37 48/48/48 47/47/47
f 37/37/37 38/38/38 49/49/49 48/48/48
f 38/38/38 39/39/39 50/50/50 49/49/49
f 39/39/39 40/40/40 51/51/51 50/50/50
f 40/40/40 41/41/41 52/52/52 51/51/51
f 41/41/41 42/42/42 53/53/53 52/52/52
f 42/42/42 43/43/43 54/54/54 53/53/53
f 43/43/43 44/44/44 55/55/55 54/54/54
f 45/45/46 46/46/45 57/57/56 56/56/57
f 46/46/45 47/47/47 58/58/58 57/57/56
f 47/47/47 48/48/48 59/59/59 58/58/58
f 48/48/48 49/49/49 60/60/60 59/59/59
f 49/49/49 50/50/50 61/61/61 60/60/60
f 50/50/50 51/51/51 62/62/62 61/61/61
f 51/51/51 52/52/52 63/63/63 62/62/62
f 52/52/52 53/53/53 64/64/64 63/63/63
f 53/53/53 54/54/54 65/65/65 64/64/64
f 54/54/54 55/55/55 66/66/66 65/65/65
f 56/56/57 57/57/56 68/68/67 67/67/68
f 57/57/56 58/58/58 69/69/69 68/68/67
f 58/58/58 59/59/59 70/70/70 69/69/69
f 59/59/59 60/60/60 71/71/71 70/70/70
f 60/60/60 61/61/61 72/72/72 71/71/71
f 61/61/61 62/62/62 73/73/73 72/72/72
f 62/62/62 63/63/63 74/74/74 73/73/73
f 63/63/63 64/64/64 75/75/75 74/74/74
f 64/64/64 65/65/65 76/76/76 75/75/75
f 65/65/65 66/66/66 77/77/77 76/76/76
s 2
f 645/832/78 646/833/79 647/79/80 648/78/81
f 646/833/79 649/834/82 650/80/83 647/79/80
f 649/834/82 651/835/84 652/81/85 650/80/83
f 651/835/84 653/836/86 654/82/87 652/81/85
f 653/836/86 655/837/88 656/83/89 654/82/87
f 655/837/88 657/838/90 658/84/91 656/83/89
f 657/838/90 659/839/92 660/85/93 658/84/91
f 659/839/92 661/840/94 662/86/95 660/85/93
f 661/840/94 663/841/96 664/87/97 662/86/95
f 663/841/96 665/842/98 666/88/99 664/87/97
f 648/78/81 647/79/80 667/90/100 668/89/101
f 647/79/80 650/80/83 669/91/102 667/90/100
f 650/80/83 652/81/85 670/92/103 669/91/102
f 652/81/85 654/82/87 671/93/104 670/92/103
f 654/82/87 656/83/89 672/94/105 671/93/104
f 656/83/89 658/84/91 673/95/106 672/94/105
f 658/84/91 660/85/93 674/96/107 673/95/106
f 660/85/93 662/86/95 675/97/108 674/96/107
f 662/86/95 664/87/97 676/98/109 675/97/108
f 664/87/97 666/88/99 677/99/110 676/98/109
f 668/89/101 667/90/100 678/101/111 679/100/112
f 667/90/100 669/91/102 680/102/113 678/101/111
f 669/91/102 670/92/103 681/103/114 680/102/113
f 670/92/103 671/93/104 682/104/115 681/103/114
f 671/93/104 672/94/105 683/105/116 682/104/115
f 672/94/105 673/95/106 684/106/117 683/105/116
f 673/95/106 674/96/107 685/107/118 684/106/117
f 674/96/107 675/97/108 686/108/119 685/107/118
f 675/97/108 676/98/109 687/109/120 686/108/119
f 676/98/109 677/99/110 688/110/121 687/109/120
f 679/100/112 678/101/111 689/843/122 690/844/123
f 678/101/111 680/102/113 691/845/124 689/843/122
f 680/102/113 681/103/114 692/846/125 691/845/124
f 681/103/114 682/104/115 693/847/126 692/846/125
f 682/104/115 683/105/116 694/848/127 693/847/126
f 683/105/116 684/106/117 695/849/128 694/848/127
f 684/106/117 685/107/118 696/850/129 695/849/128
f 685/107/118 686/108/119 697/851/130 696/850/129
f 686/108/119 687/109/120 698/852/131 697/851/130
f 687/109/120 688/110/121 699/853/132 698/852/131
s 3
f 78/111/133 79/112/134 90/123/135 89/122/136
f 79/112/134 80/113/137 91/124/138 90/123/135
f 80/113/137 81/114/139 92/125/140 91/124/138
f 81/114/139 82/115/141 93/126/142 92/125/140
f 82/115/141 83/116/143 94/127/144 93/126/142
f 83/116/143 84/117/145 95/128/146 94/127/144
f 84/117/145 85/118/147 96/129/148 95/128/146
f 85/118/147 86/119/149 97/130/150 96/129/148
f 86/119/149 87/120/151 98/131/152 97/130/150
f 87/120/151 88/121/153 99/132/154 98/131/152
f 89/122/136 90/123/135 101/134/155 100/133/156
f 90/123/135 91/124/138 102/135/157 101/134/155
f 91/124/138 92/125/140 103/136/158 102/135/157
f 92/125/140 93/126/142 104/137/159 103/136/158
f 93/126/142 94/127/144 105/138/160 104/137/159
f 94/127/144 95/128/146 106/139/161 105/138/160
f 95/128/146 96/129/148 107/140/162 106/139/161
f 96/129/148 97/130/150 108/141/163 107/140/162
f 97/130/150 98/131/152 109/142/164 108/141/163
f 98/131/152 99/132/154 110/143/165 109/142/164
f 100/133/156 101/134/155 112/145/166 111/144/167
f 101/134/155 102/135/157 113/146/168 112/145/166
f 102/135/157 103/136/158 114/147/169 113/146/168
f 103/136/158 104/137/159 115/148/170 114/147/169
f 104/137/159 105/138/160 116/149/171 115/148/170
f 105/138/160 106/139/161 117/150/172 116/149/171
f 106/139/161 107/140/162 118/151/173 117/150/172
f 107/140/162 108/141/163 119/152/174 118/151/173
f 108/141/163 109/142/164 120/153/175 119/152/174
f 109/142/164 110/143/165 121/154/176 120/153/175
f 111/144/167 112/145/166 123/156/177 122/155/178
f 112/145/166 113/146/168 124/157/179 123/156/177
f 113/146/168 114/147/169 125/158/180 124/157/179
f 114/147/169 115/148/170 126/159/181 125/158/180
f 115/148/170 116/149/171 127/160/182 126/159/181
f 116/149/171 117/150/172 128/161/183 127/160/182
f 117/150/172 118/151/173 129/162/184 128/161/183
f 118/151/173 119/152/174 130/163/185 129/162/184
f 119/152/174 120/153/175 131/164/186 130/163/185
f 120/153/175 121/154/176 132/165/187 131/164/186
f 122/155/178 123/156/177 134/167/188 133/166/189
f 123/156/177 124/157/179 135/168/190 134/167/188
f 124/157/179 125/158/180 136/169/191 135/168/190
f 125/158/180 126/159/181 137/170/192 136/169/191
f 126/159/181 127/160/182 138/171/193 137/170/192
f 127/160/182 128/161/183 139/172/194 138/171/193
f 128/161/183 129/162/184 140/173/195 139/172/194
f 129/162/184 130/163/185 141/174/196 140/173/195
f 130/163/185 131/164/186 142/175/197 141/174/196
f 131/164/186 132/165/187 143/176/198 142/175/197
f 133/166/189 134/167/188 145/178/199 144/177/200
f 134/167/188 135/168/190 146/179/201 145/178/199
f 135/168/190 136/169/191 147/180/202 146/179/201
f 136/169/191 137/170/192 148/181/203 147/180/202
f 137/170/192 138/171/193 149/182/204 148/181/203
f 138/171/193 139/172/194 150/183/205 149/182/204
f 139/172/194 140/173/195 151/184/206 150/183/205
f 140/173/195 141/174/196 152/185/207 151/184/206
f 141/174/196 142/175/197 153/186/208 152/185/207
f 142/175/197 143/176/198 154/187/209 153/186/208
f 144/177/200 145/178/199 156/189/210 155/188/211
f 145/178/199 146/179/201 157/190/212 156/189/210
f 146/179/201 147/180/202 158/191/213 157/190/212
f 147/180/202 148/181/203 159/192/214 158/191/213
f 148/181/203 149/182/204 160/193/215 159/192/214
f 149/182/204 150/183/205 161/194/216 160/193/215
f 150/183/205 151/184/206 162/195/217 161/194/216
f 151/184/206 152/185/207 163/196/218 162/195/217
f 152/185/207 153/186/208 164/197/219 163/196/218
f 153/186/208 154/187/209 165/198/220 164/197/219
f 155/188/211 156/189/210 167/200/221 166/199/222
f 156/189/210 157/190/212 168/201/223 167/200/221
f 157/190/212 158/191/213 169/202/224 168/201/223
f 158/191/213 159/192/214 170/203/225 169/202/224
f 159/192/214 160/193/215 171/204/226 170/203/225
f 160/193/215 161/194/216 172/205/227 171/204/226
f 161/194/216 162/195/217 173/206/228 172/205/227
f 162/195/217 163/196/218 174/207/229 173/206/228
f 163/196/218 164/197/219 175/208/230 174/207/229
f 164/197/219 165/198/220 176/209/231 175/208/230
f 166/199/222 167/200/221 178/211/232 177/210/233
f 167/200/221 168/201/223 179/212/234 178/211/232
f 168/201/223 169/202/224 180/213/235 179/212/234
f 169/202/224 170/203/225 181/214/236 180/213/235
f 170/203/225 171/204/226 182/215/237 181/214/236
f 171/204/226 172/205/227 183/216/238 182/215/237
f 172/205/227 173/206/228 184/217/239 183/216/238
f 173/206/228 174/207/229 185/218/240 184/217/239
f 175/208/230 176/209/231 187/220/241 186/219/242
f 177/210/233 178/211/232 189/222/243 188/221/244
f 178/211/232 179/212/234 190/223/245 189/222/243
f 179/212/234 180/213/235 191/224/246 190/223/245
f 180/213/235 181/214/236 192/225/247 191/224/246
f 181/214/236 182/215/237 193/226/248 192/225/247
f 182/215/237 183/216/238 194/227/249 193/226/248
f 183/216/238 184/217/239 195/228/250 194/227/249
f 184/217/239 185/218/240 196/229/251 195/228/250
f 185/218/240 186/219/242 197/230/252 196/229/251
f 186/219/242 187/220/241 198/231/253 197/230/252
s 4
f 700/854/254 701/855/255 702/233/256 703/232/257
f 701/855/255 704/856/258 705/234/259 702/233/256
f 704/856/258 706/857/260 707/235/261 705/234/259
f 706/857/260 708/858/262 709/236/263 707/235/261
f 708/858/262 710/859/264 711/237/265 709/236/263
f 710/859/264 712/860/266 713/238/267 711/237/265
f 712/860/266 714/861/268 715/239/269 713/238/267
f 714/861/268 716/862/270 717/240/271 715/239/269
f 716/862/270 718/863/272 719/241/273 717/240/271
f 718/863/272 720/864/274 721/242/275 719/241/273
f 703/232/257 702/233/256 722/244/276 723/243/277
f 702/233/256 705/234/259 724/245/278 722/244/276
f 705/234/259 707/235/261 725/246/279 724/245/278
f 707/235/261 709/236/263 726/247/280 725/246/279
f 709/236/263 711/237/265 727/248/281 726/247/280
f 711/237/265 713/238/267 728/249/282 727/248/281
f 713/238/267 715/239/269 729/250/283 728/249/282
f 715/239/269 717/240/271 730/251/284 729/250/283
f 717/240/271 719/241/273 731/252/285 730/251/284
f 719/241/273 721/242/275 732/253/286 731/252/285
f 723/243/277 722/244/276 733/255/287 734/254/288
f 722/244/276 724/245/278 735/256/289 733/255/287
f 724/245/278 725/246/279 736/257/290 735/256/289
f 725/246/279 726/247/280 737/258/291 736/257/290
f 726/247/280 727/248/281 738/259/292 737/258/291
f 727/248/281 728/249/282 739/260/293 738/259/292
f 728/249/282 729/250/283 740/261/294 739/260/293
f 729/250/283 730/251/284 741/262/295 740/261/294
f 730/251/284 731/252/285 742/263/296 741/262/295
f 731/252/285 732/253/286 743/264/297 742/263/296
f 734/254/288 733/255/287 744/865/298 745/866/299
f 733/255/287 735/256/289 746/867/300 744/865/298
f 735/256/289 736/257/290 747/868/301 746/867/300
f 736/257/290 737/258/291 748/869/302 747/868/301
f 737/258/291 738/259/292 749/870/303 748/869/302
f 738/259/292 739/260/293 750/871/304 749/870/303
f 739/260/293 740/261/294 751/872/305 750/871/304
f 740/261/294 741/262/295 752/873/306 751/872/305
f 741/262/295 742/263/296 753/874/307 752/873/306
f 742/263/296 743/264/297 754/875/308 753/874/307
s 5
f 199/265/309 200/266/310 211/277/311 210/276/312
f 200/266/310 201/267/313 212/278/314 211/277/311
f 201/267/313 202/268/315 213/279/316 212/278/314
f 202/268/315 203/269/317 214/280/318 213/279/316
f 203/269/317 204/270/319 215/281/320 214/280/318
f 204/270/319 205/271/321 216/282/322 215/281/320
f 205/271/321 206/272/323 217/283/324 216/282/322
f 206/272/323 207/273/325 218/284/326 217/283/324
f 207/273/325 208/274/327 219/285/328 218/284/326
f 208/274/327 209/275/329 220/286/330 219/285/328
f 210/276/312 211/277/311 222/288/331 221/287/332
f 211/277/311 212/278/314 223/289/333 222/288/331
f 212/278/314 213/279/316 224/290/334 223/289/333
f 213/279/316 214/280/318 225/291/335 224/290/334
f 214/280/318 215/281/320 226/292/336 225/291/335
f 215/281/320 216/282/322 227/293/337 226/292/336
f 216/282/322 217/283/324 228/294/338 227/293/337
f 217/283/324 218/284/326 229/295/339 228/294/338
f 218/284/326 219/285/328 230/296/340 229/295/339
f 219/285/328 220/286/330 231/297/341 230/296/340
f 221/287/332 222/288/331 233/299/342 232/298/343
f 222/288/331 223/289/333 234/300/344 233/299/342
f 223/289/333 224/290/334 235/301/345 234/300/344
f 224/290/334 225/291/335 236/302/346 235/301/345
f 225/291/335 226/292/336 237/303/347 236/302/346
f 226/292/336 227/293/337 238/304/348 237/303/347
f 227/293/337 228/294/338 239/305/349 238/304/348
f 228/294/338 229/295/339 240/306/350 239/305/349
f 229/295/339 230/296/340 241/307/351 240/306/350
f 230/296/340 231/297/341 242/308/352 241/307/351
f 232/298/343 233/299/342 244/310/353 243/309/354
f 233/299/342 234/300/344 245/311/355 244/310/353
f 234/300/344 235/301/345 246/312/356 245/311/355
f 235/301/345 236/302/346 247/313/357 246/312/356
f 236/302/346 237/303/347 248/314/358 247/313/357
f 237/303/347 238/304/348 249/315/359 248/314/358
f 238/304/348 239/305/349 250/316/360 249/315/359
f 239/305/349 240/306/350 251/317/361 250/316/360
f 240/306/350 241/307/351 252/318/362 251/317/361
f 241/307/351 242/308/352 253/319/363 252/318/362
f 243/309/354 244/310/353 255/321/364 254/320/365
f 244/310/353 245/311/355 256/322/366 255/321/364
f 245/311/355 246/312/356 257/323/367 256/322/366
f 246/312/356 247/313/357 258/324/368 257/323/367
f 247/313/357 248/314/358 259/325/369 258/324/368
f 248/314/358 249/315/359 260/326/370 259/325/369
f 249/315/359 250/316/360 261/327/371 260/326/370
f 250/316/360 251/317/361 262/328/372 261/327/371
f 251/317/361 252/318/362 263/329/373 262/328/372
f 252/318/362 253/319/363 264/330/374 263/329/373
f 254/320/365 255/321/364 266/332/375 265/331/376
f 255/321/364 256/322/366 267/333/377 266/332/375
f 256/322/366 257/323/367 268/334/378 267/333/377
f 257/323/367 258/324/368 269/335/379 268/334/378
f 258/324/368 259/325/369 270/336/380 269/335/379
f 259/325/369 260/326/370 271/337/381 270/336/380
f 260/326/370 261/327/371 272/338/382 271/337/381
f 261/327/371 262/328/372 273/339/383 272/338/382
f 262/328/372 263/329/373 274/340/384 273/339/383
f 263/329/373 264/330/374 275/341/385 274/340/384
s 6
f 265/331/386 266/332/387 277/343/388 276/342/389
f 266/332/387 267/333/390 278/344/391 277/343/388
f 267/333/390 268/334/392 279/345/393 278/344/391
f 268/334/392 269/335/394 280/346/395 279/345/393
s 7
f 419/672/396 420/673/397 421/347/398 422/674/399
f 420/673/397 423/675/400 424/348/401 421/347/398
f 423/675/400 425/676/402 426/349/403 424/348/401
f 425/676/402 427/677/404 428/350/405 426/349/403
f 427/677/404 429/678/406 430/679/407 428/350/405
s 8
f 274/340/408 275/341/409 282/352/410 281/351/411
s 6
f 276/342/389 277/343/388 284/354/412 283/353/413
s 9
f 476/714/414 477/715/415 478/355/416 479/716/417
f 477/715/415 480/717/418 481/356/419 478/355/416
s 10
f 536/746/420 537/747/421 538/357/422 539/748/423
f 537/747/421 540/749/424 541/358/425 538/357/422
f 540/749/424 542/750/426 543/359/427 541/358/425
f 542/750/426 544/751/428 545/752/429 543/359/427
s 11
f 485/721/430 487/722/431 488/361/432 486/360/433
f 487/722/431 489/723/434 490/724/435 488/361/432
s 8
f 281/351/411 282/352/410 286/363/436 285/362/437
s 12
f 436/685/438 433/682/439 437/365/440 438/686/441
s 9
f 479/716/417 478/355/416 491/366/442 492/725/443
s 10
f 546/753/444 539/748/423 547/367/445 548/754/446
f 539/748/423 538/357/422 549/368/447 547/367/445
f 538/357/422 541/358/425 550/369/448 549/368/447
s off
f 620/808/449 621/809/450 622/370/451 623/810/452
f 641/828/453 642/829/454 643/830/455 644/831/456
s 13
f 545/752/457 552/755/458 553/756/459 551/371/460
s 11
f 488/361/432 490/724/435 494/726/461 493/372/462
s 8
f 285/362/437 286/363/436 289/374/463 288/373/464
s 12
f 438/686/441 437/365/440 440/688/465 441/689/466
s 9
f 492/725/443 491/366/442 495/377/467 496/727/468
s 10
f 548/754/446 547/367/445 554/757/469 555/758/470
f 547/367/445 549/368/447 556/379/471 554/757/469
f 549/368/447 550/369/448 557/380/472 556/379/471
s 14
f 637/824/473 636/823/474 638/825/475 639/826/476
f 636/823/474 635/822/477 640/827/478 638/825/475
s 13
f 551/371/460 553/756/459 560/383/479 559/382/480
f 553/756/459 561/759/481 562/760/482 560/383/479
s 8
f 288/373/464 289/374/463 293/385/483 292/384/484
s 15
f 290/375/485 291/376/486 295/387/487 294/386/488
s 9
f 496/727/468 495/377/467 499/388/489 500/729/490
f 495/377/467 497/378/491 501/389/492 499/388/489
s 10
f 554/757/469 556/379/471 563/761/493 564/762/494
f 556/379/471 557/380/472 565/763/495 563/761/493
f 557/380/472 558/381/496 566/392/497 565/763/495
s 16
f 601/791/498 603/793/499 604/393/500 605/794/501
f 603/793/499 606/795/502 607/796/503 604/393/500
s 13
f 560/383/479 562/760/482 568/764/504 567/394/505
s 17
f 442/690/506 445/692/507 446/693/508 444/395/509
s 15
f 294/386/488 295/387/487 298/398/510 297/397/511
s 18
f 580/765/512 581/766/513 582/399/514 583/767/515
f 581/766/513 584/762/516 585/768/517 582/399/514
s 19
f 501/389/518 502/390/519 507/401/520 506/400/521
f 502/390/519 503/391/522 508/402/523 507/401/520
s 10
f 565/763/495 566/392/497 569/403/524 570/769/525
s 16
f 605/794/501 604/393/500 608/797/526 609/798/527
s off
f 629/816/528 630/817/529 631/818/530 632/819/531
s 13
f 567/394/505 568/764/504 573/770/532 572/771/533
s 17
f 444/395/509 446/693/508 449/695/534 448/406/535
s 20
f 450/696/536 447/694/537 451/409/538 452/697/539
s 18
f 583/767/515 582/399/514 586/410/540 587/772/541
s 21
f 611/800/542 612/801/543 613/411/544 614/802/545
f 612/801/543 615/803/546 616/804/547 613/411/544
s 19
f 507/401/520 508/402/523 513/413/548 512/412/549
s 10
f 570/769/525 569/403/524 574/775/550 575/776/551
f 569/403/524 571/404/552 576/778/553 574/775/550
f 571/404/552 572/771/554 577/777/555 576/778/553
s 22
f 509/405/556 510/732/557 517/734/558 516/416/559
s 17
f 448/406/535 449/695/534 454/698/560 453/417/561
s 20
f 452/697/539 451/409/538 455/420/562 456/699/563
s 18
f 587/772/541 586/410/540 590/779/564 591/780/565
s 21
f 614/802/545 613/411/544 617/805/566 618/806/567
f 613/411/544 616/804/547 619/807/568 617/805/566
s off
f 589/774/569 594/776/570 595/783/571 593/782/572
s 22
f 513/413/573 514/414/574 523/425/575 522/424/576
s 10
f 574/775/550 576/778/553 578/784/577 579/785/578
s 22
f 515/415/579 516/416/559 525/427/580 524/426/581
f 516/416/559 517/734/558 526/736/582 525/427/580
s 17
f 453/417/561 454/698/560 458/700/583 457/428/584
s 20
f 456/699/563 455/420/562 459/701/585 460/702/586
s 22
f 519/735/587 518/421/588 527/737/589 528/738/590
f 518/421/588 520/422/591 529/739/592 527/737/589
f 520/422/591 521/423/593 530/740/594 529/739/592
f 521/423/593 522/424/576 531/741/595 530/740/594
f 522/424/576 523/425/575 532/742/596 531/741/595
f 523/425/575 524/426/581 533/743/597 532/742/596
f 524/426/581 525/427/580 534/744/598 533/743/597
f 525/427/580 526/736/582 535/745/599 534/744/598
s 17
f 457/428/584 458/700/583 469/707/600 468/439/601
s 25
f 304/430/602 305/431/603 2/442/604 1/441/605
f 305/431/603 306/432/606 3/443/607 2/442/604
f 306/432/606 307/433/608 4/444/609 3/443/607
f 307/433/608 308/434/610 5/445/611 4/444/609
f 308/434/610 309/435/612 6/446/613 5/445/611
s 17
f 464/706/614 465/436/615 470/708/616 471/709/617
f 465/436/615 466/437/618 472/710/619 470/708/616
f 466/437/618 467/438/620 473/711/621 472/710/619
f 467/438/620 468/439/601 474/712/622 473/711/621
f 468/439/601 469/707/600 475/713/623 474/712/622
s 27
f 282/453/624 275/452/625 264/462/626 311/463/627
f 286/454/628 282/453/624 311/463/627 312/464/629
f 289/455/630 286/454/628 312/464/629 313/465/631
f 293/456/632 289/455/630 313/465/631 314/466/633
f 296/457/634 293/456/632 314/466/633 315/467/635
f 299/458/636 296/457/634 315/467/635 316/468/637
f 301/459/638 299/458/636 316/468/637 317/469/639
f 303/460/640 301/459/638 317/469/639 318/470/641
f 310/461/642 303/460/640 318/470/641 319/471/643
f 11/11/644 310/461/642 319/471/643 22/22/645
f 311/463/627 264/462/626 253/472/646 320/473/647
f 312/464/629 311/463/627 320/473/647 321/474/648
f 313/465/631 312/464/629 321/474/648 322/475/649
f 314/466/633 313/465/631 322/475/649 323/476/650
f 315/467/635 314/466/633 323/476/650 324/477/651
f 316/468/637 315/467/635 324/477/651 325/478/652
f 317/469/639 316/468/637 325/478/652 326/479/653
f 318/470/641 317/469/639 326/479/653 327/480/654
f 319/471/643 318/470/641 327/480/654 328/481/655
f 22/22/645 319/471/643 328/481/655 33/33/656
f 320/473/647 253/472/646 242/482/657 329/483/658
f 321/474/648 320/473/647 329/483/658 330/484/659
f 322/475/649 321/474/648 330/484/659 331/485/660
f 323/476/650 322/475/649 331/485/660 332/486/661
f 324/477/651 323/476/650 332/486/661 333/487/662
f 325/478/652 324/477/651 333/487/662 334/488/663
f 326/479/653 325/478/652 334/488/663 335/489/664
f 327/480/654 326/479/653 335/489/664 336/490/665
f 328/481/655 327/480/654 336/490/665 337/491/666
f 33/33/656 328/481/655 337/491/666 44/44/667
f 329/483/658 242/482/657 231/492/668 338/493/669
f 330/484/659 329/483/658 338/493/669 339/494/670
f 331/485/660 330/484/659 339/494/670 340/495/671
f 332/486/661 331/485/660 340/495/671 341/496/672
f 333/487/662 332/486/661 341/496/672 342/497/673
f 334/488/663 333/487/662 342/497/673 343/498/674
f 335/489/664 334/488/663 343/498/674 344/499/675
f 336/490/665 335/489/664 344/499/675 345/500/676
f 337/491/666 336/490/665 345/500/676 346/501/677
f 44/44/667 337/491/666 346/501/677 55/55/678
f 338/493/669 231/492/668 220/502/679 347/503/680
f 339/494/670 338/493/669 347/503/680 348/504/681
f 340/495/671 339/494/670 348/504/681 349/505/682
f 341/496/672 340/495/671 349/505/682 350/506/683
f 342/497/673 341/496/672 350/506/683 351/507/684
f 343/498/674 342/497/673 351/507/684 352/508/685
f 344/499/675 343/498/674 352/508/685 353/509/686
f 345/500/676 344/499/675 353/509/686 354/510/687
f 346/501/677 345/500/676 354/510/687 355/511/688
f 55/55/678 346/501/677 355/511/688 66/66/689
f 347/503/680 220/502/679 209/512/690 356/513/691
f 348/504/681 347/503/680 356/513/691 357/514/692
f 349/505/682 348/504/681 357/514/692 358/515/693
f 350/506/683 349/505/682 358/515/693 359/516/694
f 351/507/684 350/506/683 359/516/694 360/517/695
f 352/508/685 351/507/684 360/517/695 361/518/696
f 353/509/686 352/508/685 361/518/696 362/519/697
f 354/510/687 353/509/686 362/519/697 363/520/698
f 355/511/688 354/510/687 363/520/698 364/521/699
f 66/66/689 355/511/688 364/521/699 77/77/700
s 28
f 755/876/701 754/877/702 743/522/703 756/523/704
f 757/878/705 755/876/701 756/523/704 758/524/706
f 759/879/707 757/878/705 758/524/706 760/525/708
f 761/880/709 759/879/707 760/525/708 762/526/710
f 763/881/711 761/880/709 762/526/710 764/527/712
f 765/882/713 763/881/711 764/527/712 766/528/714
f 767/883/715 765/882/713 766/528/714 768/529/716
f 769/884/717 767/883/715 768/529/716 770/530/718
f 771/885/719 769/884/717 770/530/718 772/531/720
f 665/842/721 771/885/719 772/531/720 666/88/722
f 756/523/704 743/522/703 732/532/723 773/533/724
f 758/524/706 756/523/704 773/533/724 774/534/725
f 760/525/708 758/524/706 774/534/725 775/535/726
f 762/526/710 760/525/708 775/535/726 776/536/727
f 764/527/712 762/526/710 776/536/727 777/537/728
f 766/528/714 764/527/712 777/537/728 778/538/729
f 768/529/716 766/528/714 778/538/729 779/539/730
f 770/530/718 768/529/716 779/539/730 780/540/731
f 772/531/720 770/530/718 780/540/731 781/541/732
f 666/88/722 772/531/720 781/541/732 677/99/733
f 773/533/724 732/532/723 721/542/734 782/543/735
f 774/534/725 773/533/724 782/543/735 783/544/736
f 775/535/726 774/534/725 783/544/736 784/545/737
f 776/536/727 775/535/726 784/545/737 785/546/738
f 777/537/728 776/536/727 785/546/738 786/547/739
f 778/538/729 777/537/728 786/547/739 787/548/740
f 779/539/730 778/538/729 787/548/740 788/549/741
f 780/540/731 779/539/730 788/549/741 789/550/742
f 781/541/732 780/540/731 789/550/742 790/551/743
f 677/99/733 781/541/732 790/551/743 688/110/744
f 782/543/735 721/542/734 720/886/745 791/887/746
f 783/544/736 782/543/735 791/887/746 792/888/747
f 784/545/737 783/544/736 792/888/747 793/889/748
f 785/546/738 784/545/737 793/889/748 794/890/749
f 786/547/739 785/546/738 794/890/749 795/891/750
f 787/548/740 786/547/739 795/891/750 796/892/751
f 788/549/741 787/548/740 796/892/751 797/893/752
f 789/550/742 788/549/741 797/893/752 798/894/753
f 790/551/743 789/550/742 798/894/753 799/895/754
f 688/110/744 790/551/743 799/895/754 699/853/755
s 29
f 265/562/756 276/563/757 365/573/758 254/572/759
f 276/563/757 283/564/760 366/574/761 365/573/758
f 283/564/760 287/565/762 367/575/763 366/574/761
f 287/565/762 290/566/764 368/576/765 367/575/763
f 290/566/764 294/567/766 369/577/767 368/576/765
f 294/567/766 297/568/768 370/578/769 369/577/767
f 297/568/768 300/569/770 371/579/771 370/578/769
f 300/569/770 302/570/772 372/580/773 371/579/771
f 302/570/772 304/571/774 373/581/775 372/580/773
f 304/571/774 1/1/776 12/12/777 373/581/775
f 254/572/759 365/573/758 374/583/778 243/582/779
f 365/573/758 366/574/761 375/584/780 374/583/778
f 366/574/761 367/575/763 376/585/781 375/584/780
f 367/575/763 368/576/765 377/586/782 376/585/781
f 368/576/765 369/577/767 378/587/783 377/586/782
f 369/577/767 370/578/769 379/588/784 378/587/783
f 370/578/769 371/579/771 380/589/785 379/588/784
f 371/579/771 372/580/773 381/590/786 380/589/785
f 372/580/773 373/581/775 382/591/787 381/590/786
f 373/581/775 12/12/777 23/23/788 382/591/787
f 243/582/779 374/583/778 383/593/789 232/592/790
f 374/583/778 375/584/780 384/594/791 383/593/789
f 375/584/780 376/585/781 385/595/792 384/594/791
f 376/585/781 377/586/782 386/596/793 385/595/792
f 377/586/782 378/587/783 387/597/794 386/596/793
f 378/587/783 379/588/784 388/598/795 387/597/794
f 379/588/784 380/589/785 389/599/796 388/598/795
f 380/589/785 381/590/786 390/600/797 389/599/796
f 381/590/786 382/591/787 391/601/798 390/600/797
f 382/591/787 23/23/788 34/34/799 391/601/798
f 232/592/790 383/593/789 392/603/800 221/602/801
f 383/593/789 384/594/791 393/604/802 392/603/800
f 384/594/791 385/595/792 394/605/803 393/604/802
f 385/595/792 386/596/793 395/606/804 394/605/803
f 386/596/793 387/597/794 396/607/805 395/606/804
f 387/597/794 388/598/795 397/608/806 396/607/805
f 388/598/795 389/599/796 398/609/807 397/608/806
f 389/599/796 390/600/797 399/610/808 398/609/807
f 390/600/797 391/601/798 400/611/809 399/610/808
f 391/601/798 34/34/799 45/45/810 400/611/809
f 221/602/801 392/603/800 401/613/811 210/612/812
f 392/603/800 393/604/802 402/614/813 401/613/811
f 393/604/802 394/605/803 403/615/814 402/614/813
f 394/605/803 395/606/804 404/616/815 403/615/814
f 395/606/804 396/607/805 405/617/816 404/616/815
f 396/607/805 397/608/806 406/618/817 405/617/816
f 397/608/806 398/609/807 407/619/818 406/618/817
f 398/609/807 399/610/808 408/620/819 407/619/818
f 399/610/808 400/611/809 409/621/820 408/620/819
f 400/611/809 45/45/810 56/56/821 409/621/820
f 210/612/812 401/613/811 410/623/822 199/622/823
f 401/613/811 402/614/813 411/624/824 410/623/822
f 402/614/813 403/615/814 412/625/825 411/624/824
f 403/615/814 404/616/815 413/626/826 412/625/825
f 404/616/815 405/617/816 414/627/827 413/626/826
f 405/617/816 406/618/817 415/628/828 414/627/827
f 406/618/817 407/619/818 416/629/829 415/628/828
f 407/619/818 408/620/819 417/630/830 416/629/829
f 408/620/819 409/621/820 418/631/831 417/630/830
f 409/621/820 56/56/821 67/67/832 418/631/831
s 30
f 745/896/833 800/897/834 801/633/835 734/632/836
f 800/897/834 802/898/837 803/634/838 801/633/835
f 802/898/837 804/899/839 805/635/840 803/634/838
f 804/899/839 806/900/841 807/636/842 805/635/840
f 806/900/841 808/901/843 809/637/844 807/636/842
f 808/901/843 810/902/845 811/638/846 809/637/844
f 810/902/845 812/903/847 813/639/848 811/638/846
f 812/903/847 814/904/849 815/640/850 813/639/848
f 814/904/849 816/905/851 817/641/852 815/640/850
f 816/905/851 645/832/853 648/78/854 817/641/852
f 734/632/836 801/633/835 818/643/855 723/642/856
f 801/633/835 803/634/838 819/644/857 818/643/855
f 803/634/838 805/635/840 820/645/858 819/644/857
f 805/635/840 807/636/842 821/646/859 820/645/858
f 807/636/842 809/637/844 822/647/860 821/646/859
f 809/637/844 811/638/846 823/648/861 822/647/860
f 811/638/846 813/639/848 824/649/862 823/648/861
f 813/639/848 815/640/850 825/650/863 824/649/862
f 815/640/850 817/641/852 826/651/864 825/650/863
f 817/641/852 648/78/854 668/89/865 826/651/864
f 723/642/856 818/643/855 827/653/866 703/652/867
f 818/643/855 819/644/857 828/654/868 827/653/866
f 819/644/857 820/645/858 829/655/869 828/654/868
f 820/645/858 821/646/859 830/656/870 829/655/869
f 821/646/859 822/647/860 831/657/871 830/656/870
f 822/647/860 823/648/861 832/658/872 831/657/871
f 823/648/861 824/649/862 833/659/873 832/658/872
f 824/649/862 825/650/863 834/660/874 833/659/873
f 825/650/863 826/651/864 835/661/875 834/660/874
f 826/651/864 668/89/865 679/100/876 835/661/875
f 703/652/867 827/653/866 836/906/877 700/907/878
f 827/653/866 828/654/868 837/908/879 836/906/877
f 828/654/868 829/655/869 838/909/880 837/908/879
f 829/655/869 830/656/870 839/910/881 838/909/880
f 830/656/870 831/657/871 840/911/882 839/910/881
f 831/657/871 832/658/872 841/912/883 840/911/882
f 832/658/872 833/659/873 842/913/884 841/912/883
f 833/659/873 834/660/874 843/914/885 842/913/884
f 834/660/874 835/661/875 844/915/886 843/914/885
f 835/661/875 679/100/876 690/844/887 844/915/886
s 5
f 269/335/379 270/336/380 420/673/888 419/672/889
s off
f 280/346/890 269/335/891 419/672/892 422/674/893
s 5
f 270/336/380 271/337/381 423/675/894 420/673/888
f 271/337/381 272/338/382 425/676/895 423/675/894
f 272/338/382 273/339/383 427/677/896 425/676/895
f 273/339/383 274/340/384 429/678/897 427/677/896
s 31
f 274/340/898 281/351/899 430/679/900 429/678/901
s 32
f 277/343/902 278/344/903 432/681/904 431/680/905
s 33
f 284/354/906 277/343/907 431/680/908 433/682/909
s 32
f 278/344/903 279/345/910 434/683/911 432/681/904
f 279/345/910 280/346/912 422/674/913 434/683/911
s 31
f 281/351/899 285/362/914 435/684/915 430/679/900
s off
f 283/353/916 284/354/917 433/682/918 436/685/919
s 29
f 287/364/762 283/353/760 436/685/920 438/686/921
s 31
f 285/362/914 288/373/922 439/687/923 435/684/915
s off
f 291/376/924 290/375/925 441/689/926 440/688/927
s 29
f 290/375/764 287/364/762 438/686/921 441/689/928
s 31
f 288/373/922 292/384/929 442/690/930 439/687/923
s 33
f 295/387/931 291/376/932 440/688/933 443/691/934
s off
f 292/384/935 293/385/936 445/692/937 442/690/938
s 27
f 293/385/632 296/396/634 446/693/939 445/692/940
s 33
f 298/398/941 295/387/931 443/691/934 447/694/942
s 27
f 296/396/634 299/407/636 449/695/943 446/693/939
s off
f 297/397/944 298/398/945 447/694/946 450/696/947
s 29
f 300/408/770 297/397/768 450/696/948 452/697/949
s 27
f 299/407/636 301/418/638 454/698/950 449/695/943
s 29
f 302/419/772 300/408/770 452/697/949 456/699/951
s 27
f 301/418/638 303/429/640 458/700/952 454/698/950
s 35
f 305/431/953 304/430/954 460/702/955 459/701/956
s 29
f 304/430/774 302/419/772 456/699/951 460/702/957
s 35
f 306/432/958 305/431/953 459/701/956 461/703/959
f 307/433/960 306/432/958 461/703/959 462/704/961
f 308/434/962 307/433/960 462/704/961 463/705/963
f 309/435/964 308/434/962 463/705/963 464/706/965
s 27
f 303/429/640 310/440/642 469/707/966 458/700/952
s 1
f 7/447/13 6/446/11 471/709/967 470/708/968
s off
f 6/446/969 309/435/970 464/706/971 471/709/972
s 1
f 8/448/15 7/447/13 470/708/968 472/710/973
f 9/449/17 8/448/15 472/710/973 473/711/974
f 10/450/19 9/449/17 473/711/974 474/712/975
s 27
f 310/440/642 11/451/644 475/713/976 469/707/966
s 1
f 11/451/21 10/450/19 474/712/975 475/713/977
s 32
f 431/680/905 432/681/904 477/715/978 476/714/979
s 33
f 433/682/909 431/680/908 476/714/980 479/716/981
s 32
f 432/681/904 434/683/911 480/717/982 477/715/978
f 434/683/911 422/674/913 482/718/983 480/717/982
f 422/674/913 421/347/984 483/719/985 482/718/983
f 421/347/984 424/348/986 484/720/987 483/719/985
f 424/348/986 426/349/988 485/721/989 484/720/987
f 426/349/988 428/350/990 487/722/991 485/721/989
f 428/350/990 430/679/992 489/723/993 487/722/991
s 31
f 430/679/900 435/684/915 490/724/994 489/723/995
s 33
f 437/365/996 433/682/909 479/716/981 492/725/997
s 31
f 435/684/915 439/687/923 494/726/998 490/724/994
s 33
f 440/688/933 437/365/996 492/725/997 496/727/999
s 31
f 439/687/923 442/690/930 498/728/1000 494/726/998
s 33
f 443/691/934 440/688/933 496/727/999 500/729/1001
s 31
f 442/690/930 444/395/1002 504/730/1003 498/728/1000
s 33
f 447/694/942 443/691/934 500/729/1001 505/731/1004
s 31
f 444/395/1002 448/406/1005 510/732/1006 504/730/1003
s 33
f 451/409/1007 447/694/942 505/731/1004 511/733/1008
s 31
f 448/406/1005 453/417/1009 517/734/1010 510/732/1006
s 33
f 455/420/1011 451/409/1007 511/733/1008 519/735/1012
s 31
f 453/417/1009 457/428/1013 526/736/1014 517/734/1010
s 35
f 461/703/959 459/701/956 528/738/1015 527/737/1016
s 33
f 459/701/1017 455/420/1011 519/735/1012 528/738/1018
s 35
f 462/704/961 461/703/959 527/737/1016 529/739/1019
f 463/705/963 462/704/961 529/739/1019 530/740/1020
f 464/706/965 463/705/963 530/740/1020 531/741/1021
f 465/436/1022 464/706/965 531/741/1021 532/742/1023
f 466/437/1024 465/436/1022 532/742/1023 533/743/1025
f 467/438/1026 466/437/1024 533/743/1025 534/744/1027
s 31
f 457/428/1013 468/439/1028 535/745/1029 526/736/1014
s 35
f 468/439/1030 467/438/1026 534/744/1027 535/745/1031
s 32
f 480/717/982 482/718/983 537/747/1032 536/746/1033
s off
f 481/356/1034 480/717/1035 536/746/1036 539/748/1037
s 32
f 482/718/983 483/719/985 540/749/1038 537/747/1032
f 483/719/985 484/720/987 542/750/1039 540/749/1038
f 484/720/987 485/721/989 544/751/1040 542/750/1039
s off
f 485/721/1041 486/360/1042 545/752/1043 544/751/1044
f 478/355/1045 481/356/1046 539/748/1047 546/753/1048
s 36
f 491/366/1049 478/355/1050 546/753/1051 548/754/1052
s off
f 486/360/1053 488/361/1054 552/755/1055 545/752/1056
f 488/361/1057 493/372/1058 553/756/1059 552/755/1060
f 497/378/1061 495/377/1062 555/758/1063 554/757/1064
s 36
f 495/377/1065 491/366/1049 548/754/1052 555/758/1066
s off
f 493/372/1067 494/726/1068 561/759/1069 553/756/1070
s 31
f 494/726/998 498/728/1000 562/760/1071 561/759/1072
s 37
f 502/390/1073 501/389/1074 564/762/1075 563/761/1076
s off
f 501/389/1077 497/378/1078 554/757/1079 564/762/1080
s 37
f 503/391/1081 502/390/1073 563/761/1076 565/763/1082
s 31
f 498/728/1000 504/730/1003 568/764/1083 562/760/1071
s 38
f 508/729/1084 503/388/1085 565/766/1086 570/765/1087
s 31
f 504/731/1003 510/729/1006 573/765/1088 568/767/1083
s off
f 510/388/1089 509/389/1090 572/762/1091 573/766/1092
f 514/389/1093 513/400/1094 575/768/1095 574/762/1096
s 38
f 513/402/1097 508/391/1084 570/763/1087 575/769/1098
s off
f 509/730/1099 516/732/1100 577/770/1101 572/764/1102
f 516/732/1103 515/405/1104 576/771/1105 577/770/1106
f 515/733/1107 524/731/1108 578/767/1109 576/772/1110
f 524/400/1111 523/401/1112 579/773/1113 578/768/1114
f 523/401/1115 514/412/1116 574/774/1117 579/773/1118
s 39
f 500/414/1119 499/413/1120 581/776/1121 580/775/1122
s 33
f 505/413/1004 500/402/1001 580/769/1123 583/776/1124
s 39
f 499/405/1120 501/416/1125 584/777/1126 581/771/1121
s off
f 501/416/1127 506/415/1128 585/778/1129 584/777/1130
s 33
f 511/421/1008 505/735/1004 583/780/1124 587/779/1131
s 40
f 506/735/1132 507/733/1133 588/772/1134 585/780/1135
s 41
f 507/422/1136 512/421/1137 589/779/1138 588/781/1139
s 42
f 518/423/1140 519/422/1141 591/781/1142 590/782/1143
s 33
f 519/412/1012 511/413/1008 587/776/1131 591/774/1144
s 42
f 520/413/1145 518/424/1140 590/783/1143 592/776/1146
f 521/424/1147 520/423/1145 592/782/1146 593/783/1148
s off
f 512/415/1149 513/426/1150 594/784/1151 589/778/1152
f 513/426/1153 522/425/1154 595/785/1155 594/784/1156
s 42
f 522/425/1157 521/414/1147 593/775/1148 595/785/1158
s 43
f 541/358/1159 543/359/1160 597/787/1161 596/786/1162
s 44
f 550/369/1163 541/358/1164 596/786/1165 598/788/1166
s 43
f 543/359/1160 545/752/1167 599/789/1168 597/787/1161
s 45
f 545/752/1169 551/371/1170 600/790/1171 599/789/1172
s 46
f 558/381/1173 557/380/1174 602/792/1175 601/791/1176
s 44
f 557/380/1177 550/369/1163 598/788/1166 602/792/1178
s 45
f 551/371/1170 559/382/1179 603/793/1180 600/790/1171
s 47
f 566/392/1181 558/381/1182 601/791/1183 605/794/1184
s off
f 559/382/1185 560/383/1186 606/795/1187 603/793/1188
s 48
f 560/383/1189 567/394/1190 607/796/1191 606/795/1192
s 49
f 571/404/1193 569/403/1194 609/798/1195 608/797/1196
s 47
f 569/403/1197 566/392/1181 605/794/1184 609/798/1198
s 48
f 567/394/1190 572/771/1199 610/799/1200 607/796/1191
s 49
f 572/771/1201 571/404/1193 608/797/1196 610/799/1202
s 40
f 582/399/1203 585/768/1135 612/801/1204 611/800/1205
s 50
f 586/410/1206 582/399/1207 611/800/1208 614/802/1209
s 40
f 585/768/1135 588/773/1134 615/803/1210 612/801/1204
s 41
f 588/773/1139 589/774/1138 616/804/1211 615/803/1212
s 42
f 592/781/1146 590/779/1143 618/806/1213 617/805/1214
s 50
f 590/779/1215 586/410/1206 614/802/1209 618/806/1216
s 41
f 589/774/1138 593/782/1217 619/807/1218 616/804/1211
s 42
f 593/782/1148 592/781/1146 617/805/1214 619/807/1219
s 43
f 596/786/1162 597/787/1161 621/809/1220 620/808/1221
s 44
f 598/788/1166 596/786/1165 620/808/1222 623/810/1223
s 43
f 597/787/1161 599/789/1168 624/811/1224 621/809/1220
s 45
f 599/789/1172 600/790/1171 625/812/1225 624/811/1226
s 46
f 601/791/1176 602/792/1175 627/814/1227 626/813/1228
s 44
f 602/792/1178 598/788/1166 623/810/1223 627/814/1229
s 45
f 600/790/1171 603/793/1180 628/815/1230 625/812/1225
s 46
f 603/793/1231 601/791/1176 626/813/1228 628/815/1232
s off
f 604/393/1233 607/796/1234 630/817/1235 629/816/1236
s 48
f 607/796/1191 610/799/1200 631/818/1237 630/817/1238
s 49
f 610/799/1202 608/797/1196 632/819/1239 631/818/1240
s off
f 608/797/1241 604/393/1242 629/816/1243 632/819/1244
s 43
f 621/809/1220 624/811/1224 634/821/1245 633/820/1246
s 45
f 624/811/1226 625/812/1225 635/822/1247 634/821/1248
s 51
f 622/370/1249 621/809/1250 633/820/1251 636/823/1252
s off
f 623/810/1253 622/370/1254 636/823/1255 637/824/1256
s 46
f 626/813/1228 627/814/1227 639/826/1257 638/825/1258
s 44
f 627/814/1229 623/810/1223 637/824/1259 639/826/1260
s 45
f 625/812/1225 628/815/1230 640/827/1261 635/822/1247
s 46
f 628/815/1232 626/813/1228 638/825/1258 640/827/1262
s 43
f 633/820/1246 634/821/1245 642/829/1263 641/828/1264
s 45
f 634/821/1248 635/822/1247 643/830/1265 642/829/1266
s off
f 635/822/1267 636/823/1268 644/831/1269 643/830/1270
s 51
f 636/823/1252 633/820/1251 641/828/1271 644/831/1272
s off
f 175/208/1273 186/219/1274 185/218/1275 174/207/1276
s 52
f 67/67/1277 68/68/1278 646/833/1279 645/832/1280
f 68/68/1278 69/69/1281 649/834/1282 646/833/1279
f 69/69/1281 70/70/1283 651/835/1284 649/834/1282
f 70/70/1283 71/71/1285 653/836/1286 651/835/1284
f 71/71/1285 72/72/1287 655/837/1288 653/836/1286
f 72/72/1287 73/73/1289 657/838/1290 655/837/1288
f 73/73/1289 74/74/1291 659/839/1292 657/838/1290
f 74/74/1291 75/75/1293 661/840/1294 659/839/1292
f 75/75/1293 76/76/1295 663/841/1296 661/840/1294
f 76/76/1295 77/77/1297 665/842/1298 663/841/1296
s 3
f 79/112/134 78/111/133 690/844/1299 689/843/1300
f 80/113/137 79/112/134 689/843/1300 691/845/1301
f 81/114/139 80/113/137 691/845/1301 692/846/1302
f 82/115/141 81/114/139 692/846/1302 693/847/1303
f 83/116/143 82/115/141 693/847/1303 694/848/1304
f 84/117/145 83/116/143 694/848/1304 695/849/1305
f 85/118/147 84/117/145 695/849/1305 696/850/1306
f 86/119/149 85/118/147 696/850/1306 697/851/1307
f 87/120/151 86/119/149 697/851/1307 698/852/1308
f 88/121/153 87/120/151 698/852/1308 699/853/1309
f 188/221/244 189/222/243 701/855/1310 700/854/1311
f 189/222/243 190/223/245 704/856/1312 701/855/1310
f 190/223/245 191/224/246 706/857/1313 704/856/1312
f 191/224/246 192/225/247 708/858/1314 706/857/1313
f 192/225/247 193/226/248 710/859/1315 708/858/1314
f 193/226/248 194/227/249 712/860/1316 710/859/1315
f 194/227/249 195/228/250 714/861/1317 712/860/1316
f 195/228/250 196/229/251 716/862/1318 714/861/1317
f 196/229/251 197/230/252 718/863/1319 716/862/1318
f 197/230/252 198/231/253 720/864/1320 718/863/1319
s 52
f 200/266/1321 199/265/1322 745/866/1323 744/865/1324
f 201/267/1325 200/266/1321 744/865/1324 746/867/1326
f 202/268/1327 201/267/1325 746/867/1326 747/868/1328
f 203/269/1329 202/268/1327 747/868/1328 748/869/1330
f 204/270/1331 203/269/1329 748/869/1330 749/870/1332
f 205/271/1333 204/270/1331 749/870/1332 750/871/1334
f 206/272/1335 205/271/1333 750/871/1334 751/872/1336
f 207/273/1337 206/272/1335 751/872/1336 752/873/1338
f 208/274/1339 207/273/1337 752/873/1338 753/874/1340
f 209/275/1341 208/274/1339 753/874/1340 754/875/1342
f 356/513/1343 209/512/1341 754/877/1342 755/876/1344
f 357/514/1345 356/513/1343 755/876/1344 757/878/1346
f 358/515/1347 357/514/1345 757/878/1346 759/879/1348
f 359/516/1349 358/515/1347 759/879/1348 761/880/1350
f 360/517/1351 359/516/1349 761/880/1350 763/881/1352
f 361/518/1353 360/517/1351 763/881/1352 765/882/1354
f 362/519/1355 361/518/1353 765/882/1354 767/883/1356
f 363/520/1357 362/519/1355 767/883/1356 769/884/1358
f 364/521/1359 363/520/1357 769/884/1358 771/885/1360
f 77/77/1297 364/521/1359 771/885/1360 665/842/1298
s 3
f 198/552/253 187/553/241 791/887/1361 720/886/1320
f 187/553/241 176/554/231 792/888/1362 791/887/1361
f 176/554/231 165/555/220 793/889/1363 792/888/1362
f 165/555/220 154/556/209 794/890/1364 793/889/1363
f 154/556/209 143/557/198 795/891/1365 794/890/1364
f 143/557/198 132/558/187 796/892/1366 795/891/1365
f 132/558/187 121/559/176 797/893/1367 796/892/1366
f 121/559/176 110/560/165 798/894/1368 797/893/1367
f 110/560/165 99/561/154 799/895/1369 798/894/1368
f 99/561/154 88/121/153 699/853/1309 799/895/1369
s 52
f 199/622/1322 410/623/1370 800/897/1371 745/896/1323
f 410/623/1370 411/624/1372 802/898/1373 800/897/1371
f 411/624/1372 412/625/1374 804/899/1375 802/898/1373
f 412/625/1374 413/626/1376 806/900/1377 804/899/1375
f 413/626/1376 414/627/1378 808/901/1379 806/900/1377
f 414/627/1378 415/628/1380 810/902/1381 808/901/1379
f 415/628/1380 416/629/1382 812/903/1383 810/902/1381
f 416/629/1382 417/630/1384 814/904/1385 812/903/1383
f 417/630/1384 418/631/1386 816/905/1387 814/904/1385
f 418/631/1386 67/67/1277 645/832/1280 816/905/1387
s 3
f 177/663/233 188/662/244 700/907/1311 836/906/1388
f 166/664/222 177/663/233 836/906/1388 837/908/1389
f 155/665/211 166/664/222 837/908/1389 838/909/1390
f 144/666/200 155/665/211 838/909/1390 839/910/1391
f 133/667/189 144/666/200 839/910/1391 840/911/1392
f 122/668/178 133/667/189 840/911/1392 841/912/1393
f 111/669/167 122/668/178 841/912/1393 842/913/1394
f 100/670/156 111/669/167 842/913/1394 843/914/1395
f 89/671/136 100/670/156 843/914/1395 844/915/1396
f 78/111/133 89/671/136 844/915/1396 690/844/1299
