# This file uses centimeters as units for non-parametric coordinates.

mtllib PuzzleBlock_WIP2.mtl
g default
v 5.115276 -0.375000 -4.464580
v 5.240276 -0.375000 -4.464580
v 5.365276 -0.375000 -4.464580
v 5.490276 -0.375000 -4.464580
v 5.615276 -0.375000 -4.464580
v 5.740276 -0.375000 -4.464580
v 5.865276 -0.375000 -4.464580
v 5.115276 -0.250000 -4.464580
v 5.240276 -0.250000 -4.464580
v 5.365276 -0.250000 -4.464580
v 5.490276 -0.250000 -4.464580
v 5.615276 -0.250000 -4.464580
v 5.740276 -0.250000 -4.464580
v 5.865276 -0.250000 -4.464580
v 5.115276 -0.125000 -4.464580
v 5.240276 -0.125000 -4.464580
v 5.365276 -0.125000 -4.464580
v 5.490276 -0.125000 -4.464580
v 5.615276 -0.125000 -4.464580
v 5.740276 -0.125000 -4.464580
v 5.865276 -0.125000 -4.464580
v 5.115276 0.000000 -4.464580
v 5.240276 0.000000 -4.464580
v 5.365276 0.000000 -4.464580
v 5.490276 0.000000 -4.464580
v 5.615276 0.000000 -4.464580
v 5.740276 0.000000 -4.464580
v 5.865276 0.000000 -4.464580
v 5.115276 0.125000 -4.464580
v 5.240276 0.125000 -4.464580
v 5.365276 0.125000 -4.464580
v 5.490276 0.125000 -4.464580
v 5.615276 0.125000 -4.464580
v 5.740276 0.125000 -4.464580
v 5.865276 0.125000 -4.464580
v 5.115276 0.250000 -4.464580
v 5.240276 0.250000 -4.464580
v 5.365276 0.250000 -4.464580
v 5.490276 0.250000 -4.464580
v 5.615276 0.250000 -4.464580
v 5.740276 0.250000 -4.464580
v 5.865276 0.250000 -4.464580
v 5.115276 0.375000 -4.464580
v 5.240276 0.375000 -4.464580
v 5.365276 0.375000 -4.464580
v 5.490276 0.375000 -4.464580
v 5.615276 0.375000 -4.464580
v 5.740276 0.375000 -4.464580
v 5.865276 0.375000 -4.464580
v 5.115276 0.500000 -4.589580
v 5.240276 0.500000 -4.589580
v 5.365276 0.500000 -4.589580
v 5.490276 0.500000 -4.589580
v 5.615276 0.500000 -4.589580
v 5.740276 0.500000 -4.589580
v 5.865276 0.500000 -4.589580
v 5.115276 0.500000 -4.714580
v 5.240276 0.500000 -4.714580
v 5.365276 0.500000 -4.714580
v 5.490276 0.500000 -4.714580
v 5.615276 0.500000 -4.714580
v 5.740276 0.500000 -4.714580
v 5.865276 0.500000 -4.714580
v 5.115276 0.500000 -4.839580
v 5.240276 0.500000 -4.839580
v 5.365276 0.500000 -4.839580
v 5.490276 0.500000 -4.839580
v 5.615276 0.500000 -4.839580
v 5.740276 0.500000 -4.839580
v 5.865276 0.500000 -4.839580
v 5.115276 0.500000 -4.964580
v 5.240276 0.500000 -4.964580
v 5.365276 0.500000 -4.964580
v 5.490276 0.500000 -4.964580
v 5.615276 0.500000 -4.964580
v 5.740276 0.500000 -4.964580
v 5.865276 0.500000 -4.964580
v 5.115276 0.500000 -5.089580
v 5.240276 0.500000 -5.089580
v 5.365276 0.500000 -5.089580
v 5.490276 0.500000 -5.089580
v 5.615276 0.500000 -5.089580
v 5.740276 0.500000 -5.089580
v 5.865276 0.500000 -5.089580
v 5.115276 0.500000 -5.214580
v 5.240276 0.500000 -5.214580
v 5.365276 0.500000 -5.214580
v 5.490276 0.500000 -5.214580
v 5.615276 0.500000 -5.214580
v 5.740276 0.500000 -5.214580
v 5.865276 0.500000 -5.214580
v 5.115276 0.500000 -5.339580
v 5.240276 0.500000 -5.339580
v 5.365276 0.500000 -5.339580
v 5.490276 0.500000 -5.339580
v 5.615276 0.500000 -5.339580
v 5.740276 0.500000 -5.339580
v 5.865276 0.500000 -5.339580
v 5.115276 0.375000 -5.464580
v 5.240276 0.375000 -5.464580
v 5.365276 0.375000 -5.464580
v 5.490276 0.375000 -5.464580
v 5.615276 0.375000 -5.464580
v 5.740276 0.375000 -5.464580
v 5.865276 0.375000 -5.464580
v 5.115276 0.250000 -5.464580
v 5.240276 0.250000 -5.464580
v 5.365276 0.250000 -5.464580
v 5.490276 0.250000 -5.464580
v 5.615276 0.250000 -5.464580
v 5.740276 0.250000 -5.464580
v 5.865276 0.250000 -5.464580
v 5.115276 0.125000 -5.464580
v 5.240276 0.125000 -5.464580
v 5.365276 0.125000 -5.464580
v 5.490276 0.125000 -5.464580
v 5.615276 0.125000 -5.464580
v 5.740276 0.125000 -5.464580
v 5.865276 0.125000 -5.464580
v 5.115276 0.000000 -5.464580
v 5.240276 0.000000 -5.464580
v 5.365276 0.000000 -5.464580
v 5.490276 0.000000 -5.464580
v 5.615276 0.000000 -5.464580
v 5.740276 0.000000 -5.464580
v 5.865276 0.000000 -5.464580
v 5.115276 -0.125000 -5.464580
v 5.240276 -0.125000 -5.464580
v 5.365276 -0.125000 -5.464580
v 5.490276 -0.125000 -5.464580
v 5.615276 -0.125000 -5.464580
v 5.740276 -0.125000 -5.464580
v 5.865276 -0.125000 -5.464580
v 5.115276 -0.250000 -5.464580
v 5.240276 -0.250000 -5.464580
v 5.365276 -0.250000 -5.464580
v 5.490276 -0.250000 -5.464580
v 5.615276 -0.250000 -5.464580
v 5.740276 -0.250000 -5.464580
v 5.865276 -0.250000 -5.464580
v 5.115276 -0.375000 -5.464580
v 5.240276 -0.375000 -5.464580
v 5.365276 -0.375000 -5.464580
v 5.490276 -0.375000 -5.464580
v 5.615276 -0.375000 -5.464580
v 5.740276 -0.375000 -5.464580
v 5.865276 -0.375000 -5.464580
v 5.115276 -0.500000 -5.339580
v 5.240276 -0.500000 -5.339580
v 5.365276 -0.500000 -5.339580
v 5.490276 -0.500000 -5.339580
v 5.615276 -0.500000 -5.339580
v 5.740276 -0.500000 -5.339580
v 5.865276 -0.500000 -5.339580
v 5.115276 -0.500000 -5.214580
v 5.240276 -0.500000 -5.214580
v 5.365276 -0.500000 -5.214580
v 5.490276 -0.500000 -5.214580
v 5.615276 -0.500000 -5.214580
v 5.740276 -0.500000 -5.214580
v 5.865276 -0.500000 -5.214580
v 5.115276 -0.500000 -5.089580
v 5.240276 -0.500000 -5.089580
v 5.365276 -0.500000 -5.089580
v 5.490276 -0.500000 -5.089580
v 5.615276 -0.500000 -5.089580
v 5.740276 -0.500000 -5.089580
v 5.865276 -0.500000 -5.089580
v 5.115276 -0.500000 -4.964580
v 5.240276 -0.500000 -4.964580
v 5.365276 -0.500000 -4.964580
v 5.490276 -0.500000 -4.964580
v 5.615276 -0.500000 -4.964580
v 5.740276 -0.500000 -4.964580
v 5.865276 -0.500000 -4.964580
v 5.115276 -0.500000 -4.839580
v 5.240276 -0.500000 -4.839580
v 5.365276 -0.500000 -4.839580
v 5.490276 -0.500000 -4.839580
v 5.615276 -0.500000 -4.839580
v 5.740276 -0.500000 -4.839580
v 5.865276 -0.500000 -4.839580
v 5.115276 -0.500000 -4.714580
v 5.240276 -0.500000 -4.714580
v 5.365276 -0.500000 -4.714580
v 5.490276 -0.500000 -4.714580
v 5.615276 -0.500000 -4.714580
v 5.740276 -0.500000 -4.714580
v 5.865276 -0.500000 -4.714580
v 5.115276 -0.500000 -4.589580
v 5.240276 -0.500000 -4.589580
v 5.365276 -0.500000 -4.589580
v 5.490276 -0.500000 -4.589580
v 5.615276 -0.500000 -4.589580
v 5.740276 -0.500000 -4.589580
v 5.865276 -0.500000 -4.589580
v 5.990276 -0.375000 -5.339580
v 5.990276 -0.375000 -5.214580
v 5.990276 -0.375000 -5.089580
v 5.990276 -0.375000 -4.964580
v 5.990276 -0.375000 -4.839580
v 5.990276 -0.375000 -4.714580
v 5.990276 -0.375000 -4.589580
v 5.990276 -0.250000 -5.339580
v 5.990276 -0.250000 -5.214580
v 5.990276 -0.250000 -5.089580
v 5.990276 -0.250000 -4.964580
v 5.990276 -0.250000 -4.839580
v 5.990276 -0.250000 -4.714580
v 5.990276 -0.250000 -4.589580
v 5.990276 -0.125000 -5.339580
v 5.990276 -0.125000 -5.214580
v 5.990276 -0.125000 -5.089580
v 5.990276 -0.125000 -4.964580
v 5.990276 -0.125000 -4.839580
v 5.990276 -0.125000 -4.714580
v 5.990276 -0.125000 -4.589580
v 5.990276 0.000000 -5.339580
v 5.990276 0.000000 -5.214580
v 5.990276 0.000000 -5.089580
v 5.990276 0.000000 -4.964580
v 5.990276 0.000000 -4.839580
v 5.990276 0.000000 -4.714580
v 5.990276 0.000000 -4.589580
v 5.990276 0.125000 -5.339580
v 5.990276 0.125000 -5.214580
v 5.990276 0.125000 -5.089580
v 5.990276 0.125000 -4.964580
v 5.990276 0.125000 -4.839580
v 5.990276 0.125000 -4.714580
v 5.990276 0.125000 -4.589580
v 5.990276 0.250000 -5.339580
v 5.990276 0.250000 -5.214580
v 5.990276 0.250000 -5.089580
v 5.990276 0.250000 -4.964580
v 5.990276 0.250000 -4.839580
v 5.990276 0.250000 -4.714580
v 5.990276 0.250000 -4.589580
v 5.990276 0.375000 -5.339580
v 5.990276 0.375000 -5.214580
v 5.990276 0.375000 -5.089580
v 5.990276 0.375000 -4.964580
v 5.990276 0.375000 -4.839580
v 5.990276 0.375000 -4.714580
v 5.990276 0.375000 -4.589580
v 4.990276 -0.375000 -5.339580
v 4.990276 -0.375000 -5.214580
v 4.990276 -0.375000 -5.089580
v 4.990276 -0.375000 -4.964580
v 4.990276 -0.375000 -4.839580
v 4.990276 -0.375000 -4.714580
v 4.990276 -0.375000 -4.589580
v 4.990276 -0.250000 -5.339580
v 4.990276 -0.250000 -5.214580
v 4.990276 -0.250000 -5.089580
v 4.990276 -0.250000 -4.964580
v 4.990276 -0.250000 -4.839580
v 4.990276 -0.250000 -4.714580
v 4.990276 -0.250000 -4.589580
v 4.990276 -0.125000 -5.339580
v 4.990276 -0.125000 -5.214580
v 4.990276 -0.125000 -5.089580
v 4.990276 -0.125000 -4.964580
v 4.990276 -0.125000 -4.839580
v 4.990276 -0.125000 -4.714580
v 4.990276 -0.125000 -4.589580
v 4.990276 0.000000 -5.339580
v 4.990276 0.000000 -5.214580
v 4.990276 0.000000 -5.089580
v 4.990276 0.000000 -4.964580
v 4.990276 0.000000 -4.839580
v 4.990276 0.000000 -4.714580
v 4.990276 0.000000 -4.589580
v 4.990276 0.125000 -5.339580
v 4.990276 0.125000 -5.214580
v 4.990276 0.125000 -5.089580
v 4.990276 0.125000 -4.964580
v 4.990276 0.125000 -4.839580
v 4.990276 0.125000 -4.714580
v 4.990276 0.125000 -4.589580
v 4.990276 0.250000 -5.339580
v 4.990276 0.250000 -5.214580
v 4.990276 0.250000 -5.089580
v 4.990276 0.250000 -4.964580
v 4.990276 0.250000 -4.839580
v 4.990276 0.250000 -4.714580
v 4.990276 0.250000 -4.589580
v 4.990276 0.375000 -5.339580
v 4.990276 0.375000 -5.214580
v 4.990276 0.375000 -5.089580
v 4.990276 0.375000 -4.964580
v 4.990276 0.375000 -4.839580
v 4.990276 0.375000 -4.714580
v 4.990276 0.375000 -4.589580
v 5.071537 -0.400140 -4.423878
v 5.229747 -0.533521 -4.452468
v 5.211117 -0.400140 -4.423878
v 5.360011 -0.533521 -4.452468
v 5.350696 -0.400140 -4.423878
v 5.490276 -0.533521 -4.452468
v 5.490276 -0.400140 -4.423878
v 5.620541 -0.533521 -4.452468
v 5.629856 -0.400140 -4.423878
v 5.750805 -0.533521 -4.452468
v 5.769435 -0.400140 -4.423878
v 5.909015 -0.400140 -4.423878
v 5.071537 -0.266760 -4.423878
v 4.992414 -0.266760 -4.460614
v 5.988137 -0.266760 -4.460614
v 5.909015 -0.266760 -4.423878
v 5.071537 -0.133380 -4.423878
v 4.992414 -0.133380 -4.460614
v 5.988137 -0.133380 -4.460614
v 5.909015 -0.133380 -4.423878
v 5.071537 0.000000 -4.423878
v 4.992414 0.000000 -4.460614
v 5.988137 0.000000 -4.460614
v 5.909015 0.000000 -4.423878
v 5.071537 0.133380 -4.423878
v 4.992414 0.133380 -4.460614
v 5.988137 0.133380 -4.460614
v 5.909015 0.133380 -4.423878
v 5.071537 0.266760 -4.423878
v 4.992414 0.266760 -4.460614
v 5.988137 0.266760 -4.460614
v 5.909015 0.266760 -4.423878
v 5.071537 0.400140 -4.423878
v 5.909015 0.400140 -4.423878
v 5.211117 0.400140 -4.423878
v 5.229747 0.533521 -4.452468
v 5.350696 0.400140 -4.423878
v 5.360011 0.533521 -4.452468
v 5.490276 0.400140 -4.423878
v 5.490276 0.533521 -4.452468
v 5.629856 0.400140 -4.423878
v 5.620541 0.533521 -4.452468
v 5.769435 0.400140 -4.423878
v 5.750805 0.533521 -4.452468
v 5.071537 0.533521 -4.559053
v 5.211117 0.533521 -4.559053
v 5.350696 0.533521 -4.559053
v 5.490276 0.533521 -4.559053
v 5.629856 0.533521 -4.559053
v 5.769435 0.533521 -4.559053
v 5.909015 0.533521 -4.559053
v 5.071537 0.533521 -4.694229
v 4.969218 0.533521 -4.708524
v 6.011334 0.533521 -4.708524
v 5.909015 0.533521 -4.694229
v 5.071537 0.533521 -4.829404
v 4.969218 0.533521 -4.836551
v 6.011334 0.533521 -4.836551
v 5.909015 0.533521 -4.829404
v 5.071537 0.533521 -4.964580
v 4.969218 0.533521 -4.964580
v 6.011334 0.533521 -4.964580
v 5.909015 0.533521 -4.964580
v 5.071537 0.533521 -5.099755
v 4.969218 0.533521 -5.092608
v 6.011334 0.533521 -5.092608
v 5.909015 0.533521 -5.099755
v 5.071537 0.533521 -5.234931
v 4.969218 0.533521 -5.220635
v 6.011334 0.533521 -5.220635
v 5.909015 0.533521 -5.234931
v 5.071537 0.533521 -5.370106
v 5.909015 0.533521 -5.370106
v 5.211117 0.533521 -5.370106
v 5.229747 0.533521 -5.476691
v 5.350696 0.533521 -5.370106
v 5.360011 0.533521 -5.476691
v 5.490276 0.533521 -5.370106
v 5.490276 0.533521 -5.476691
v 5.629856 0.533521 -5.370106
v 5.620541 0.533521 -5.476691
v 5.769435 0.533521 -5.370106
v 5.750805 0.533521 -5.476691
v 5.071537 0.400140 -5.505281
v 5.211117 0.400140 -5.505281
v 5.350696 0.400140 -5.505281
v 5.490276 0.400140 -5.505281
v 5.629856 0.400140 -5.505281
v 5.769435 0.400140 -5.505281
v 5.071537 0.266760 -5.505281
v 4.992414 0.266760 -5.468545
v 5.988137 0.266760 -5.468545
v 5.909015 0.266760 -5.505281
v 5.071537 0.133380 -5.505281
v 4.992414 0.133380 -5.468545
v 5.988137 0.133380 -5.468545
v 5.909015 0.133380 -5.505281
v 5.071537 0.000000 -5.505281
v 4.992414 0.000000 -5.468545
v 5.988137 0.000000 -5.468545
v 5.909015 0.000000 -5.505281
v 5.071537 -0.133380 -5.505281
v 4.992414 -0.133380 -5.468545
v 5.988137 -0.133380 -5.468545
v 5.909015 -0.133380 -5.505281
v 5.071537 -0.266760 -5.505281
v 4.992414 -0.266760 -5.468545
v 5.988137 -0.266760 -5.468545
v 5.909015 -0.266760 -5.505281
v 5.071537 -0.400140 -5.505281
v 5.909015 -0.400140 -5.505281
v 5.211117 -0.400140 -5.505281
v 5.229747 -0.533521 -5.476691
v 5.350696 -0.400140 -5.505281
v 5.360011 -0.533521 -5.476691
v 5.490276 -0.400140 -5.505281
v 5.490276 -0.533521 -5.476691
v 5.629856 -0.400140 -5.505281
v 5.620541 -0.533521 -5.476691
v 5.769435 -0.400140 -5.505281
v 5.750805 -0.533521 -5.476691
v 5.071537 -0.533521 -5.370106
v 5.211117 -0.533521 -5.370106
v 5.350696 -0.533521 -5.370106
v 5.490276 -0.533521 -5.370106
v 5.629856 -0.533521 -5.370106
v 5.769435 -0.533521 -5.370106
v 5.909015 -0.533521 -5.370106
v 5.071537 -0.533521 -5.234931
v 4.969218 -0.533521 -5.220635
v 6.011334 -0.533521 -5.220635
v 5.909015 -0.533521 -5.234931
v 5.071537 -0.533521 -5.099755
v 4.969218 -0.533521 -5.092608
v 6.011334 -0.533521 -5.092608
v 5.909015 -0.533521 -5.099755
v 5.071537 -0.533521 -4.964580
v 4.969218 -0.533521 -4.964580
v 6.011334 -0.533521 -4.964580
v 5.909015 -0.533521 -4.964580
v 5.071537 -0.533521 -4.829404
v 4.969218 -0.533521 -4.836551
v 6.011334 -0.533521 -4.836551
v 5.909015 -0.533521 -4.829404
v 5.071537 -0.533521 -4.694229
v 4.969218 -0.533521 -4.708524
v 6.011334 -0.533521 -4.708524
v 5.909015 -0.533521 -4.694229
v 5.071537 -0.533521 -4.559053
v 5.909015 -0.533521 -4.559053
v 5.211117 -0.533521 -4.559053
v 5.350696 -0.533521 -4.559053
v 5.490276 -0.533521 -4.559053
v 5.629856 -0.533521 -4.559053
v 5.769435 -0.533521 -4.559053
v 6.048594 -0.400140 -5.370106
v 6.048594 -0.400140 -5.234931
v 6.048594 -0.400140 -5.099755
v 6.048594 -0.400140 -4.964580
v 6.048594 -0.400140 -4.829404
v 6.048594 -0.400140 -4.694229
v 6.048594 -0.400140 -4.559053
v 6.048594 -0.266760 -5.370106
v 6.048594 -0.266760 -4.559053
v 6.048594 -0.133380 -5.370106
v 6.048594 -0.133380 -4.559053
v 6.048594 0.000000 -5.370106
v 6.048594 0.000000 -4.559053
v 6.048594 0.133380 -5.370106
v 6.048594 0.133380 -4.559053
v 6.048594 0.266760 -5.370106
v 6.048594 0.266760 -4.559053
v 6.048594 0.400140 -5.370106
v 6.048594 0.400140 -4.559053
v 6.048594 0.400140 -5.234931
v 6.048594 0.400140 -5.099755
v 6.048594 0.400140 -4.964580
v 6.048594 0.400140 -4.829404
v 6.048594 0.400140 -4.694229
v 4.931958 -0.400140 -5.370106
v 4.931958 -0.400140 -5.234931
v 4.931958 -0.400140 -5.099755
v 4.931958 -0.400140 -4.964580
v 4.931958 -0.400140 -4.829404
v 4.931958 -0.400140 -4.694229
v 4.931958 -0.400140 -4.559053
v 4.931958 -0.266760 -5.370106
v 4.931958 -0.266760 -4.559053
v 4.931958 -0.133380 -5.370106
v 4.931958 -0.133380 -4.559053
v 4.931958 0.000000 -5.370106
v 4.931958 0.000000 -4.559053
v 4.931958 0.133380 -5.370106
v 4.931958 0.133380 -4.559053
v 4.931958 0.266760 -5.370106
v 4.931958 0.266760 -4.559053
v 4.931958 0.400140 -5.370106
v 4.931958 0.400140 -4.559053
v 4.931958 0.400140 -5.234931
v 4.931958 0.400140 -5.099755
v 4.931958 0.400140 -4.964580
v 4.931958 0.400140 -4.829404
v 4.931958 0.400140 -4.694229
v 4.988562 -0.550272 -4.471210
v 5.068296 -0.550272 -4.435245
v 5.038121 -0.412704 -4.405694
v 4.952685 -0.412704 -4.443666
v 5.208956 -0.550272 -4.435245
v 5.188839 -0.412704 -4.405694
v 5.038121 -0.275136 -4.405694
v 4.952685 -0.275136 -4.443666
v 4.927637 -0.550272 -4.708249
v 5.038121 -0.550272 -4.693938
v 5.038121 -0.550272 -4.558618
v 4.927637 -0.550272 -4.580083
v 5.188839 -0.550272 -4.558618
v 4.887403 -0.412704 -4.558618
v 4.887403 -0.412704 -4.693938
v 4.887403 -0.275136 -4.558618
v 5.771595 -0.550272 -4.435245
v 5.912255 -0.550272 -4.435245
v 5.942430 -0.412704 -4.405694
v 5.791711 -0.412704 -4.405694
v 5.991989 -0.550272 -4.471210
v 6.027866 -0.412704 -4.443666
v 6.027866 -0.275136 -4.443666
v 5.942430 -0.275136 -4.405694
v 5.942430 -0.550272 -4.693938
v 6.052914 -0.550272 -4.708249
v 6.052914 -0.550272 -4.580083
v 5.942430 -0.550272 -4.558618
v 5.791711 -0.550272 -4.558618
v 6.093148 -0.412704 -4.693938
v 6.093148 -0.412704 -4.558618
v 6.093148 -0.275136 -4.558618
v 4.952685 0.275136 -4.443666
v 5.038121 0.275136 -4.405694
v 5.038121 0.412704 -4.405694
v 4.952685 0.412704 -4.443666
v 5.068296 0.550272 -4.435245
v 4.988562 0.550272 -4.471210
v 5.188839 0.412704 -4.405694
v 5.208956 0.550272 -4.435245
v 5.038121 0.550272 -4.558618
v 4.927637 0.550272 -4.580083
v 5.188839 0.550272 -4.558618
v 5.038121 0.550272 -4.693938
v 4.927637 0.550272 -4.708249
v 4.887403 0.275136 -4.558618
v 4.887403 0.412704 -4.558618
v 4.887403 0.412704 -4.693938
v 5.942430 0.275136 -4.405694
v 6.027866 0.275136 -4.443666
v 6.027866 0.412704 -4.443666
v 5.942430 0.412704 -4.405694
v 5.791711 0.412704 -4.405694
v 5.912255 0.550272 -4.435245
v 5.771595 0.550272 -4.435245
v 5.991989 0.550272 -4.471210
v 5.942430 0.550272 -4.558618
v 5.791711 0.550272 -4.558618
v 6.052914 0.550272 -4.580083
v 6.052914 0.550272 -4.708249
v 5.942430 0.550272 -4.693938
v 6.093148 0.275136 -4.558618
v 6.093148 0.412704 -4.558618
v 6.093148 0.412704 -4.693938
v 4.927637 0.550272 -5.220911
v 5.038121 0.550272 -5.235221
v 5.038121 0.550272 -5.370542
v 4.927637 0.550272 -5.349076
v 5.068296 0.550272 -5.493914
v 4.988562 0.550272 -5.457950
v 5.188839 0.550272 -5.370542
v 5.208956 0.550272 -5.493914
v 5.038121 0.412704 -5.523466
v 4.952685 0.412704 -5.485494
v 5.188839 0.412704 -5.523466
v 5.038121 0.275136 -5.523466
v 4.952685 0.275136 -5.485494
v 4.887403 0.275136 -5.370542
v 4.887403 0.412704 -5.370542
v 4.887403 0.412704 -5.235221
v 5.942430 0.550272 -5.235221
v 6.052914 0.550272 -5.220911
v 6.052914 0.550272 -5.349076
v 5.942430 0.550272 -5.370542
v 5.791711 0.550272 -5.370542
v 5.912255 0.550272 -5.493914
v 5.771595 0.550272 -5.493914
v 5.991989 0.550272 -5.457950
v 5.942430 0.412704 -5.523466
v 5.791711 0.412704 -5.523466
v 6.027866 0.412704 -5.485494
v 6.027866 0.275136 -5.485494
v 5.942430 0.275136 -5.523466
v 6.093148 0.275136 -5.370542
v 6.093148 0.412704 -5.370542
v 6.093148 0.412704 -5.235221
v 5.760226 0.386774 -5.465117
v 5.895201 0.386774 -5.465117
v 5.895201 0.257849 -5.465117
v 4.952685 -0.275136 -5.485494
v 5.038121 -0.275136 -5.523466
v 5.038121 -0.412704 -5.523466
v 4.952685 -0.412704 -5.485494
v 5.068296 -0.550272 -5.493914
v 4.988562 -0.550272 -5.457950
v 5.188839 -0.412704 -5.523466
v 5.208956 -0.550272 -5.493914
v 5.038121 -0.550272 -5.370542
v 4.927637 -0.550272 -5.349076
v 5.188839 -0.550272 -5.370542
v 5.038121 -0.550272 -5.235221
v 4.927637 -0.550272 -5.220911
v 4.887403 -0.412704 -5.370542
v 4.887403 -0.412704 -5.235221
v 4.887403 -0.275136 -5.370542
v 5.942430 -0.275136 -5.523466
v 6.027866 -0.275136 -5.485494
v 6.027866 -0.412704 -5.485494
v 5.942430 -0.412704 -5.523466
v 5.791711 -0.412704 -5.523466
v 5.912255 -0.550272 -5.493914
v 5.771595 -0.550272 -5.493914
v 5.991989 -0.550272 -5.457950
v 5.942430 -0.550272 -5.370542
v 5.791711 -0.550272 -5.370542
v 6.052914 -0.550272 -5.349076
v 6.052914 -0.550272 -5.220911
v 5.942430 -0.550272 -5.235221
v 6.093148 -0.412704 -5.370542
v 6.093148 -0.412704 -5.235221
v 6.093148 -0.275136 -5.370542
vt 0.375000 0.000000
vt 0.406250 0.000000
vt 0.437500 0.000000
vt 0.468750 0.000000
vt 0.500000 0.000000
vt 0.531250 0.000000
vt 0.562500 0.000000
vt 0.593750 0.000000
vt 0.625000 0.000000
vt 0.375000 0.031250
vt 0.406250 0.031250
vt 0.437500 0.031250
vt 0.468750 0.031250
vt 0.500000 0.031250
vt 0.531250 0.031250
vt 0.562500 0.031250
vt 0.593750 0.031250
vt 0.625000 0.031250
vt 0.375000 0.062500
vt 0.406250 0.062500
vt 0.437500 0.062500
vt 0.468750 0.062500
vt 0.500000 0.062500
vt 0.531250 0.062500
vt 0.562500 0.062500
vt 0.593750 0.062500
vt 0.625000 0.062500
vt 0.375000 0.093750
vt 0.406250 0.093750
vt 0.437500 0.093750
vt 0.468750 0.093750
vt 0.500000 0.093750
vt 0.531250 0.093750
vt 0.562500 0.093750
vt 0.593750 0.093750
vt 0.625000 0.093750
vt 0.375000 0.125000
vt 0.406250 0.125000
vt 0.437500 0.125000
vt 0.468750 0.125000
vt 0.500000 0.125000
vt 0.531250 0.125000
vt 0.562500 0.125000
vt 0.593750 0.125000
vt 0.625000 0.125000
vt 0.375000 0.156250
vt 0.406250 0.156250
vt 0.437500 0.156250
vt 0.468750 0.156250
vt 0.500000 0.156250
vt 0.531250 0.156250
vt 0.562500 0.156250
vt 0.593750 0.156250
vt 0.625000 0.156250
vt 0.375000 0.187500
vt 0.406250 0.187500
vt 0.437500 0.187500
vt 0.468750 0.187500
vt 0.500000 0.187500
vt 0.531250 0.187500
vt 0.562500 0.187500
vt 0.593750 0.187500
vt 0.625000 0.187500
vt 0.375000 0.218750
vt 0.406250 0.218750
vt 0.437500 0.218750
vt 0.468750 0.218750
vt 0.500000 0.218750
vt 0.531250 0.218750
vt 0.562500 0.218750
vt 0.593750 0.218750
vt 0.625000 0.218750
vt 0.375000 0.250000
vt 0.406250 0.250000
vt 0.437500 0.250000
vt 0.468750 0.250000
vt 0.500000 0.250000
vt 0.531250 0.250000
vt 0.562500 0.250000
vt 0.593750 0.250000
vt 0.625000 0.250000
vt 0.375000 0.281250
vt 0.406250 0.281250
vt 0.437500 0.281250
vt 0.468750 0.281250
vt 0.500000 0.281250
vt 0.531250 0.281250
vt 0.562500 0.281250
vt 0.593750 0.281250
vt 0.625000 0.281250
vt 0.375000 0.312500
vt 0.406250 0.312500
vt 0.437500 0.312500
vt 0.468750 0.312500
vt 0.500000 0.312500
vt 0.531250 0.312500
vt 0.562500 0.312500
vt 0.593750 0.312500
vt 0.625000 0.312500
vt 0.375000 0.343750
vt 0.406250 0.343750
vt 0.437500 0.343750
vt 0.468750 0.343750
vt 0.500000 0.343750
vt 0.531250 0.343750
vt 0.562500 0.343750
vt 0.593750 0.343750
vt 0.625000 0.343750
vt 0.375000 0.375000
vt 0.406250 0.375000
vt 0.437500 0.375000
vt 0.468750 0.375000
vt 0.500000 0.375000
vt 0.531250 0.375000
vt 0.562500 0.375000
vt 0.593750 0.375000
vt 0.625000 0.375000
vt 0.375000 0.406250
vt 0.406250 0.406250
vt 0.437500 0.406250
vt 0.468750 0.406250
vt 0.500000 0.406250
vt 0.531250 0.406250
vt 0.562500 0.406250
vt 0.593750 0.406250
vt 0.625000 0.406250
vt 0.375000 0.437500
vt 0.406250 0.437500
vt 0.437500 0.437500
vt 0.468750 0.437500
vt 0.500000 0.437500
vt 0.531250 0.437500
vt 0.562500 0.437500
vt 0.593750 0.437500
vt 0.625000 0.437500
vt 0.375000 0.468750
vt 0.406250 0.468750
vt 0.437500 0.468750
vt 0.468750 0.468750
vt 0.500000 0.468750
vt 0.531250 0.468750
vt 0.562500 0.468750
vt 0.593750 0.468750
vt 0.625000 0.468750
vt 0.375000 0.500000
vt 0.406250 0.500000
vt 0.437500 0.500000
vt 0.468750 0.500000
vt 0.500000 0.500000
vt 0.531250 0.500000
vt 0.562500 0.500000
vt 0.593750 0.500000
vt 0.625000 0.500000
vt 0.375000 0.531250
vt 0.406250 0.531250
vt 0.437500 0.531250
vt 0.468750 0.531250
vt 0.500000 0.531250
vt 0.531250 0.531250
vt 0.562500 0.531250
vt 0.593750 0.531250
vt 0.625000 0.531250
vt 0.375000 0.562500
vt 0.406250 0.562500
vt 0.437500 0.562500
vt 0.468750 0.562500
vt 0.500000 0.562500
vt 0.531250 0.562500
vt 0.562500 0.562500
vt 0.593750 0.562500
vt 0.625000 0.562500
vt 0.375000 0.593750
vt 0.406250 0.593750
vt 0.437500 0.593750
vt 0.468750 0.593750
vt 0.500000 0.593750
vt 0.531250 0.593750
vt 0.562500 0.593750
vt 0.593750 0.593750
vt 0.625000 0.593750
vt 0.375000 0.625000
vt 0.406250 0.625000
vt 0.437500 0.625000
vt 0.468750 0.625000
vt 0.500000 0.625000
vt 0.531250 0.625000
vt 0.562500 0.625000
vt 0.593750 0.625000
vt 0.625000 0.625000
vt 0.375000 0.656250
vt 0.406250 0.656250
vt 0.437500 0.656250
vt 0.468750 0.656250
vt 0.500000 0.656250
vt 0.531250 0.656250
vt 0.562500 0.656250
vt 0.593750 0.656250
vt 0.625000 0.656250
vt 0.375000 0.687500
vt 0.406250 0.687500
vt 0.437500 0.687500
vt 0.468750 0.687500
vt 0.500000 0.687500
vt 0.531250 0.687500
vt 0.562500 0.687500
vt 0.593750 0.687500
vt 0.625000 0.687500
vt 0.375000 0.718750
vt 0.406250 0.718750
vt 0.437500 0.718750
vt 0.468750 0.718750
vt 0.500000 0.718750
vt 0.531250 0.718750
vt 0.562500 0.718750
vt 0.593750 0.718750
vt 0.625000 0.718750
vt 0.375000 0.750000
vt 0.406250 0.750000
vt 0.437500 0.750000
vt 0.468750 0.750000
vt 0.500000 0.750000
vt 0.531250 0.750000
vt 0.562500 0.750000
vt 0.593750 0.750000
vt 0.625000 0.750000
vt 0.375000 0.781250
vt 0.406250 0.781250
vt 0.437500 0.781250
vt 0.468750 0.781250
vt 0.500000 0.781250
vt 0.531250 0.781250
vt 0.562500 0.781250
vt 0.593750 0.781250
vt 0.625000 0.781250
vt 0.375000 0.812500
vt 0.406250 0.812500
vt 0.437500 0.812500
vt 0.468750 0.812500
vt 0.500000 0.812500
vt 0.531250 0.812500
vt 0.562500 0.812500
vt 0.593750 0.812500
vt 0.625000 0.812500
vt 0.375000 0.843750
vt 0.406250 0.843750
vt 0.437500 0.843750
vt 0.468750 0.843750
vt 0.500000 0.843750
vt 0.531250 0.843750
vt 0.562500 0.843750
vt 0.593750 0.843750
vt 0.625000 0.843750
vt 0.375000 0.875000
vt 0.406250 0.875000
vt 0.437500 0.875000
vt 0.468750 0.875000
vt 0.500000 0.875000
vt 0.531250 0.875000
vt 0.562500 0.875000
vt 0.593750 0.875000
vt 0.625000 0.875000
vt 0.375000 0.906250
vt 0.406250 0.906250
vt 0.437500 0.906250
vt 0.468750 0.906250
vt 0.500000 0.906250
vt 0.531250 0.906250
vt 0.562500 0.906250
vt 0.593750 0.906250
vt 0.625000 0.906250
vt 0.375000 0.937500
vt 0.406250 0.937500
vt 0.437500 0.937500
vt 0.468750 0.937500
vt 0.500000 0.937500
vt 0.531250 0.937500
vt 0.562500 0.937500
vt 0.593750 0.937500
vt 0.625000 0.937500
vt 0.375000 0.968750
vt 0.406250 0.968750
vt 0.437500 0.968750
vt 0.468750 0.968750
vt 0.500000 0.968750
vt 0.531250 0.968750
vt 0.562500 0.968750
vt 0.593750 0.968750
vt 0.625000 0.968750
vt 0.375000 1.000000
vt 0.406250 1.000000
vt 0.437500 1.000000
vt 0.468750 1.000000
vt 0.500000 1.000000
vt 0.531250 1.000000
vt 0.562500 1.000000
vt 0.593750 1.000000
vt 0.625000 1.000000
vt 0.875000 0.000000
vt 0.843750 0.000000
vt 0.812500 0.000000
vt 0.781250 0.000000
vt 0.750000 0.000000
vt 0.718750 0.000000
vt 0.687500 0.000000
vt 0.656250 0.000000
vt 0.875000 0.031250
vt 0.843750 0.031250
vt 0.812500 0.031250
vt 0.781250 0.031250
vt 0.750000 0.031250
vt 0.718750 0.031250
vt 0.687500 0.031250
vt 0.656250 0.031250
vt 0.875000 0.062500
vt 0.843750 0.062500
vt 0.812500 0.062500
vt 0.781250 0.062500
vt 0.750000 0.062500
vt 0.718750 0.062500
vt 0.687500 0.062500
vt 0.656250 0.062500
vt 0.875000 0.093750
vt 0.843750 0.093750
vt 0.812500 0.093750
vt 0.781250 0.093750
vt 0.750000 0.093750
vt 0.718750 0.093750
vt 0.687500 0.093750
vt 0.656250 0.093750
vt 0.875000 0.125000
vt 0.843750 0.125000
vt 0.812500 0.125000
vt 0.781250 0.125000
vt 0.750000 0.125000
vt 0.718750 0.125000
vt 0.687500 0.125000
vt 0.656250 0.125000
vt 0.875000 0.156250
vt 0.843750 0.156250
vt 0.812500 0.156250
vt 0.781250 0.156250
vt 0.750000 0.156250
vt 0.718750 0.156250
vt 0.687500 0.156250
vt 0.656250 0.156250
vt 0.875000 0.187500
vt 0.843750 0.187500
vt 0.812500 0.187500
vt 0.781250 0.187500
vt 0.750000 0.187500
vt 0.718750 0.187500
vt 0.687500 0.187500
vt 0.656250 0.187500
vt 0.875000 0.218750
vt 0.843750 0.218750
vt 0.812500 0.218750
vt 0.781250 0.218750
vt 0.750000 0.218750
vt 0.718750 0.218750
vt 0.687500 0.218750
vt 0.656250 0.218750
vt 0.875000 0.250000
vt 0.843750 0.250000
vt 0.812500 0.250000
vt 0.781250 0.250000
vt 0.750000 0.250000
vt 0.718750 0.250000
vt 0.687500 0.250000
vt 0.656250 0.250000
vt 0.125000 0.000000
vt 0.156250 0.000000
vt 0.187500 0.000000
vt 0.218750 0.000000
vt 0.250000 0.000000
vt 0.281250 0.000000
vt 0.312500 0.000000
vt 0.343750 0.000000
vt 0.125000 0.031250
vt 0.156250 0.031250
vt 0.187500 0.031250
vt 0.218750 0.031250
vt 0.250000 0.031250
vt 0.281250 0.031250
vt 0.312500 0.031250
vt 0.343750 0.031250
vt 0.125000 0.062500
vt 0.156250 0.062500
vt 0.187500 0.062500
vt 0.218750 0.062500
vt 0.250000 0.062500
vt 0.281250 0.062500
vt 0.312500 0.062500
vt 0.343750 0.062500
vt 0.125000 0.093750
vt 0.156250 0.093750
vt 0.187500 0.093750
vt 0.218750 0.093750
vt 0.250000 0.093750
vt 0.281250 0.093750
vt 0.312500 0.093750
vt 0.343750 0.093750
vt 0.125000 0.125000
vt 0.156250 0.125000
vt 0.187500 0.125000
vt 0.218750 0.125000
vt 0.250000 0.125000
vt 0.281250 0.125000
vt 0.312500 0.125000
vt 0.343750 0.125000
vt 0.125000 0.156250
vt 0.156250 0.156250
vt 0.187500 0.156250
vt 0.218750 0.156250
vt 0.250000 0.156250
vt 0.281250 0.156250
vt 0.312500 0.156250
vt 0.343750 0.156250
vt 0.125000 0.187500
vt 0.156250 0.187500
vt 0.187500 0.187500
vt 0.218750 0.187500
vt 0.250000 0.187500
vt 0.281250 0.187500
vt 0.312500 0.187500
vt 0.343750 0.187500
vt 0.125000 0.218750
vt 0.156250 0.218750
vt 0.187500 0.218750
vt 0.218750 0.218750
vt 0.250000 0.218750
vt 0.281250 0.218750
vt 0.312500 0.218750
vt 0.343750 0.218750
vt 0.125000 0.250000
vt 0.156250 0.250000
vt 0.187500 0.250000
vt 0.218750 0.250000
vt 0.250000 0.250000
vt 0.281250 0.250000
vt 0.312500 0.250000
vt 0.343750 0.250000
vt 0.437500 0.031250
vt 0.406250 0.031250
vt 0.468750 0.031250
vt 0.500000 0.031250
vt 0.531250 0.031250
vt 0.562500 0.031250
vt 0.593750 0.031250
vt 0.406250 0.062500
vt 0.593750 0.062500
vt 0.406250 0.093750
vt 0.593750 0.093750
vt 0.406250 0.125000
vt 0.593750 0.125000
vt 0.406250 0.156250
vt 0.593750 0.156250
vt 0.406250 0.187500
vt 0.593750 0.187500
vt 0.406250 0.218750
vt 0.593750 0.218750
vt 0.437500 0.218750
vt 0.468750 0.218750
vt 0.500000 0.218750
vt 0.531250 0.218750
vt 0.562500 0.218750
vt 0.437500 0.281250
vt 0.406250 0.281250
vt 0.468750 0.281250
vt 0.500000 0.281250
vt 0.531250 0.281250
vt 0.562500 0.281250
vt 0.593750 0.281250
vt 0.406250 0.312500
vt 0.593750 0.312500
vt 0.406250 0.343750
vt 0.593750 0.343750
vt 0.406250 0.375000
vt 0.593750 0.375000
vt 0.406250 0.406250
vt 0.593750 0.406250
vt 0.406250 0.437500
vt 0.593750 0.437500
vt 0.406250 0.468750
vt 0.593750 0.468750
vt 0.437500 0.468750
vt 0.468750 0.468750
vt 0.500000 0.468750
vt 0.531250 0.468750
vt 0.562500 0.468750
vt 0.437500 0.531250
vt 0.406250 0.531250
vt 0.468750 0.531250
vt 0.500000 0.531250
vt 0.531250 0.531250
vt 0.562500 0.531250
vt 0.593750 0.531250
vt 0.406250 0.562500
vt 0.593750 0.562500
vt 0.406250 0.593750
vt 0.593750 0.593750
vt 0.406250 0.625000
vt 0.593750 0.625000
vt 0.406250 0.656250
vt 0.593750 0.656250
vt 0.406250 0.687500
vt 0.593750 0.687500
vt 0.406250 0.718750
vt 0.593750 0.718750
vt 0.437500 0.718750
vt 0.468750 0.718750
vt 0.500000 0.718750
vt 0.531250 0.718750
vt 0.562500 0.718750
vt 0.437500 0.781250
vt 0.406250 0.781250
vt 0.468750 0.781250
vt 0.500000 0.781250
vt 0.531250 0.781250
vt 0.562500 0.781250
vt 0.593750 0.781250
vt 0.406250 0.812500
vt 0.593750 0.812500
vt 0.406250 0.843750
vt 0.593750 0.843750
vt 0.406250 0.875000
vt 0.593750 0.875000
vt 0.406250 0.906250
vt 0.593750 0.906250
vt 0.406250 0.937500
vt 0.593750 0.937500
vt 0.406250 0.968750
vt 0.593750 0.968750
vt 0.437500 0.968750
vt 0.468750 0.968750
vt 0.500000 0.968750
vt 0.531250 0.968750
vt 0.562500 0.968750
vt 0.843750 0.031250
vt 0.812500 0.031250
vt 0.781250 0.031250
vt 0.750000 0.031250
vt 0.718750 0.031250
vt 0.687500 0.031250
vt 0.656250 0.031250
vt 0.843750 0.062500
vt 0.656250 0.062500
vt 0.843750 0.093750
vt 0.656250 0.093750
vt 0.843750 0.125000
vt 0.656250 0.125000
vt 0.843750 0.156250
vt 0.656250 0.156250
vt 0.843750 0.187500
vt 0.656250 0.187500
vt 0.843750 0.218750
vt 0.656250 0.218750
vt 0.812500 0.218750
vt 0.781250 0.218750
vt 0.750000 0.218750
vt 0.718750 0.218750
vt 0.687500 0.218750
vt 0.187500 0.031250
vt 0.156250 0.031250
vt 0.218750 0.031250
vt 0.250000 0.031250
vt 0.281250 0.031250
vt 0.312500 0.031250
vt 0.343750 0.031250
vt 0.156250 0.062500
vt 0.343750 0.062500
vt 0.156250 0.093750
vt 0.343750 0.093750
vt 0.156250 0.125000
vt 0.343750 0.125000
vt 0.156250 0.156250
vt 0.343750 0.156250
vt 0.156250 0.187500
vt 0.343750 0.187500
vt 0.156250 0.218750
vt 0.343750 0.218750
vt 0.187500 0.218750
vt 0.218750 0.218750
vt 0.250000 0.218750
vt 0.281250 0.218750
vt 0.312500 0.218750
vt 0.437500 0.000000
vt 0.437500 0.031250
vt 0.406250 0.031250
vt 0.593750 0.031250
vt 0.562500 0.031250
vt 0.562500 0.000000
vt 0.406250 0.062500
vt 0.375000 0.062500
vt 0.625000 0.062500
vt 0.593750 0.062500
vt 0.375000 0.187500
vt 0.406250 0.187500
vt 0.406250 0.218750
vt 0.593750 0.187500
vt 0.625000 0.187500
vt 0.593750 0.218750
vt 0.437500 0.218750
vt 0.437500 0.250000
vt 0.562500 0.218750
vt 0.562500 0.250000
vt 0.437500 0.281250
vt 0.406250 0.281250
vt 0.593750 0.281250
vt 0.562500 0.281250
vt 0.406250 0.312500
vt 0.375000 0.312500
vt 0.625000 0.312500
vt 0.593750 0.312500
vt 0.375000 0.437500
vt 0.406250 0.437500
vt 0.406250 0.468750
vt 0.593750 0.437500
vt 0.625000 0.437500
vt 0.593750 0.468750
vt 0.437500 0.468750
vt 0.437500 0.500000
vt 0.562500 0.468750
vt 0.562500 0.500000
vt 0.437500 0.531250
vt 0.406250 0.531250
vt 0.562500 0.531250
vt 0.406250 0.562500
vt 0.375000 0.562500
vt 0.625000 0.562500
vt 0.593750 0.562500
vt 0.375000 0.687500
vt 0.406250 0.687500
vt 0.406250 0.718750
vt 0.593750 0.687500
vt 0.625000 0.687500
vt 0.593750 0.718750
vt 0.437500 0.718750
vt 0.437500 0.750000
vt 0.562500 0.718750
vt 0.562500 0.750000
vt 0.437500 0.781250
vt 0.406250 0.781250
vt 0.593750 0.781250
vt 0.562500 0.781250
vt 0.406250 0.812500
vt 0.375000 0.812500
vt 0.625000 0.812500
vt 0.593750 0.812500
vt 0.375000 0.937500
vt 0.406250 0.937500
vt 0.406250 0.968750
vt 0.593750 0.937500
vt 0.625000 0.937500
vt 0.593750 0.968750
vt 0.437500 0.968750
vt 0.437500 1.000000
vt 0.562500 0.968750
vt 0.562500 1.000000
vt 0.843750 0.031250
vt 0.812500 0.031250
vt 0.812500 0.000000
vt 0.687500 0.000000
vt 0.687500 0.031250
vt 0.656250 0.031250
vt 0.875000 0.062500
vt 0.843750 0.062500
vt 0.656250 0.062500
vt 0.843750 0.187500
vt 0.875000 0.187500
vt 0.843750 0.218750
vt 0.656250 0.187500
vt 0.656250 0.218750
vt 0.812500 0.218750
vt 0.812500 0.250000
vt 0.687500 0.218750
vt 0.687500 0.250000
vt 0.187500 0.000000
vt 0.187500 0.031250
vt 0.156250 0.031250
vt 0.343750 0.031250
vt 0.312500 0.031250
vt 0.312500 0.000000
vt 0.156250 0.062500
vt 0.125000 0.062500
vt 0.343750 0.062500
vt 0.125000 0.187500
vt 0.156250 0.187500
vt 0.156250 0.218750
vt 0.343750 0.187500
vt 0.343750 0.218750
vt 0.187500 0.218750
vt 0.187500 0.250000
vt 0.312500 0.218750
vt 0.312500 0.250000
vt 0.593750 0.531250
vt 0.562500 0.531250
vt 0.593750 0.562500
vt 0.593750 0.031250
vt 0.562500 0.031250
vt 0.562500 0.031250
vt 0.593750 0.031250
vt 0.562500 0.000000
vt 0.562500 0.000000
vt 0.406250 0.031250
vt 0.406250 0.062500
vt 0.406250 0.062500
vt 0.406250 0.031250
vt 0.375000 0.062500
vt 0.375000 0.062500
vt 0.625000 0.062500
vt 0.593750 0.062500
vt 0.593750 0.062500
vt 0.625000 0.062500
vt 0.593750 0.031250
vt 0.593750 0.031250
vt 0.375000 0.187500
vt 0.406250 0.187500
vt 0.406250 0.187500
vt 0.375000 0.187500
vt 0.406250 0.218750
vt 0.406250 0.218750
vt 0.593750 0.187500
vt 0.625000 0.187500
vt 0.625000 0.187500
vt 0.593750 0.187500
vt 0.593750 0.218750
vt 0.593750 0.187500
vt 0.593750 0.187500
vt 0.593750 0.218750
vt 0.406250 0.218750
vt 0.437500 0.218750
vt 0.437500 0.218750
vt 0.406250 0.218750
vt 0.437500 0.250000
vt 0.437500 0.250000
vt 0.562500 0.218750
vt 0.593750 0.218750
vt 0.593750 0.218750
vt 0.562500 0.218750
vt 0.562500 0.250000
vt 0.562500 0.218750
vt 0.562500 0.218750
vt 0.562500 0.250000
vt 0.437500 0.250000
vt 0.437500 0.281250
vt 0.437500 0.281250
vt 0.437500 0.250000
vt 0.437500 0.281250
vt 0.406250 0.281250
vt 0.406250 0.281250
vt 0.437500 0.281250
vt 0.593750 0.281250
vt 0.562500 0.281250
vt 0.562500 0.281250
vt 0.593750 0.281250
vt 0.562500 0.281250
vt 0.562500 0.250000
vt 0.562500 0.250000
vt 0.562500 0.281250
vt 0.406250 0.281250
vt 0.406250 0.312500
vt 0.406250 0.312500
vt 0.406250 0.281250
vt 0.375000 0.312500
vt 0.375000 0.312500
vt 0.625000 0.312500
vt 0.593750 0.312500
vt 0.593750 0.312500
vt 0.625000 0.312500
vt 0.593750 0.281250
vt 0.593750 0.281250
vt 0.375000 0.437500
vt 0.406250 0.437500
vt 0.406250 0.437500
vt 0.375000 0.437500
vt 0.406250 0.468750
vt 0.406250 0.468750
vt 0.593750 0.437500
vt 0.625000 0.437500
vt 0.625000 0.437500
vt 0.593750 0.437500
vt 0.593750 0.468750
vt 0.593750 0.437500
vt 0.593750 0.437500
vt 0.593750 0.468750
vt 0.406250 0.468750
vt 0.437500 0.468750
vt 0.437500 0.468750
vt 0.406250 0.468750
vt 0.437500 0.500000
vt 0.437500 0.500000
vt 0.562500 0.468750
vt 0.593750 0.468750
vt 0.593750 0.468750
vt 0.562500 0.468750
vt 0.562500 0.500000
vt 0.562500 0.468750
vt 0.562500 0.468750
vt 0.562500 0.500000
vt 0.437500 0.500000
vt 0.437500 0.531250
vt 0.437500 0.531250
vt 0.437500 0.500000
vt 0.437500 0.531250
vt 0.406250 0.531250
vt 0.406250 0.531250
vt 0.437500 0.531250
vt 0.562500 0.531250
vt 0.562500 0.500000
vt 0.562500 0.500000
vt 0.562500 0.531250
vt 0.406250 0.531250
vt 0.406250 0.562500
vt 0.406250 0.562500
vt 0.406250 0.531250
vt 0.406250 0.562500
vt 0.375000 0.562500
vt 0.375000 0.562500
vt 0.406250 0.562500
vt 0.625000 0.562500
vt 0.593750 0.562500
vt 0.593750 0.562500
vt 0.625000 0.562500
vt 0.375000 0.687500
vt 0.406250 0.687500
vt 0.406250 0.687500
vt 0.375000 0.687500
vt 0.406250 0.687500
vt 0.406250 0.718750
vt 0.406250 0.718750
vt 0.406250 0.687500
vt 0.593750 0.687500
vt 0.625000 0.687500
vt 0.625000 0.687500
vt 0.593750 0.687500
vt 0.593750 0.718750
vt 0.593750 0.687500
vt 0.593750 0.687500
vt 0.593750 0.718750
vt 0.406250 0.718750
vt 0.437500 0.718750
vt 0.437500 0.718750
vt 0.406250 0.718750
vt 0.437500 0.750000
vt 0.437500 0.750000
vt 0.562500 0.718750
vt 0.593750 0.718750
vt 0.593750 0.718750
vt 0.562500 0.718750
vt 0.562500 0.750000
vt 0.562500 0.718750
vt 0.562500 0.718750
vt 0.562500 0.750000
vt 0.437500 0.750000
vt 0.437500 0.781250
vt 0.437500 0.781250
vt 0.437500 0.750000
vt 0.406250 0.781250
vt 0.406250 0.781250
vt 0.593750 0.781250
vt 0.562500 0.781250
vt 0.562500 0.781250
vt 0.593750 0.781250
vt 0.562500 0.750000
vt 0.562500 0.750000
vt 0.406250 0.781250
vt 0.406250 0.812500
vt 0.406250 0.812500
vt 0.406250 0.781250
vt 0.375000 0.812500
vt 0.375000 0.812500
vt 0.625000 0.812500
vt 0.593750 0.812500
vt 0.593750 0.812500
vt 0.625000 0.812500
vt 0.593750 0.781250
vt 0.593750 0.781250
vt 0.375000 0.937500
vt 0.406250 0.937500
vt 0.406250 0.937500
vt 0.375000 0.937500
vt 0.406250 0.968750
vt 0.406250 0.968750
vt 0.593750 0.937500
vt 0.625000 0.937500
vt 0.625000 0.937500
vt 0.593750 0.937500
vt 0.593750 0.968750
vt 0.593750 0.937500
vt 0.593750 0.937500
vt 0.593750 0.968750
vt 0.406250 0.968750
vt 0.437500 0.968750
vt 0.437500 0.968750
vt 0.406250 0.968750
vt 0.437500 1.000000
vt 0.437500 1.000000
vt 0.562500 0.968750
vt 0.593750 0.968750
vt 0.593750 0.968750
vt 0.562500 0.968750
vt 0.562500 1.000000
vt 0.562500 1.000000
vt 0.843750 0.031250
vt 0.812500 0.031250
vt 0.812500 0.031250
vt 0.843750 0.031250
vt 0.812500 0.031250
vt 0.812500 0.000000
vt 0.812500 0.000000
vt 0.812500 0.031250
vt 0.687500 0.000000
vt 0.687500 0.031250
vt 0.687500 0.031250
vt 0.687500 0.000000
vt 0.687500 0.031250
vt 0.656250 0.031250
vt 0.656250 0.031250
vt 0.687500 0.031250
vt 0.875000 0.062500
vt 0.843750 0.062500
vt 0.843750 0.062500
vt 0.875000 0.062500
vt 0.843750 0.062500
vt 0.843750 0.031250
vt 0.843750 0.031250
vt 0.843750 0.062500
vt 0.656250 0.031250
vt 0.656250 0.062500
vt 0.656250 0.062500
vt 0.656250 0.031250
vt 0.656250 0.062500
vt 0.625000 0.062500
vt 0.625000 0.062500
vt 0.656250 0.062500
vt 0.843750 0.187500
vt 0.875000 0.187500
vt 0.875000 0.187500
vt 0.843750 0.187500
vt 0.843750 0.218750
vt 0.843750 0.187500
vt 0.843750 0.187500
vt 0.843750 0.218750
vt 0.625000 0.187500
vt 0.656250 0.187500
vt 0.656250 0.187500
vt 0.625000 0.187500
vt 0.656250 0.187500
vt 0.656250 0.218750
vt 0.656250 0.218750
vt 0.656250 0.187500
vt 0.812500 0.218750
vt 0.843750 0.218750
vt 0.843750 0.218750
vt 0.812500 0.218750
vt 0.812500 0.250000
vt 0.812500 0.218750
vt 0.812500 0.218750
vt 0.812500 0.250000
vt 0.656250 0.218750
vt 0.687500 0.218750
vt 0.687500 0.218750
vt 0.656250 0.218750
vt 0.687500 0.250000
vt 0.687500 0.250000
vt 0.187500 0.000000
vt 0.187500 0.031250
vt 0.187500 0.031250
vt 0.187500 0.000000
vt 0.156250 0.031250
vt 0.156250 0.031250
vt 0.343750 0.031250
vt 0.312500 0.031250
vt 0.312500 0.031250
vt 0.343750 0.031250
vt 0.312500 0.000000
vt 0.312500 0.000000
vt 0.156250 0.031250
vt 0.156250 0.062500
vt 0.156250 0.062500
vt 0.156250 0.031250
vt 0.125000 0.062500
vt 0.125000 0.062500
vt 0.375000 0.062500
vt 0.343750 0.062500
vt 0.343750 0.062500
vt 0.375000 0.062500
vt 0.343750 0.031250
vt 0.343750 0.031250
vt 0.125000 0.187500
vt 0.156250 0.187500
vt 0.156250 0.187500
vt 0.125000 0.187500
vt 0.156250 0.187500
vt 0.156250 0.218750
vt 0.156250 0.218750
vt 0.156250 0.187500
vt 0.343750 0.187500
vt 0.375000 0.187500
vt 0.375000 0.187500
vt 0.343750 0.187500
vt 0.343750 0.218750
vt 0.343750 0.218750
vt 0.156250 0.218750
vt 0.187500 0.218750
vt 0.187500 0.218750
vt 0.156250 0.218750
vt 0.187500 0.250000
vt 0.187500 0.250000
vt 0.312500 0.218750
vt 0.343750 0.218750
vt 0.343750 0.218750
vt 0.312500 0.218750
vt 0.312500 0.250000
vt 0.312500 0.218750
vt 0.312500 0.218750
vt 0.312500 0.250000
vt 0.593750 0.531250
vt 0.562500 0.531250
vt 0.562500 0.531250
vt 0.593750 0.531250
vt 0.562500 0.531250
vt 0.562500 0.531250
vt 0.593750 0.562500
vt 0.593750 0.531250
vt 0.593750 0.531250
vt 0.593750 0.562500
vt 0.593750 0.562500
vt 0.593750 0.562500
vt 0.593750 0.562500
vt 0.593750 0.562500
vn -0.392664 -0.276300 0.877196
vn -0.136783 -0.237212 0.961780
vn -0.185765 -0.140330 0.972522
vn -0.403654 -0.133015 0.905191
vn 0.106294 -0.194253 0.975176
vn 0.110323 -0.036782 0.993215
vn 0.140871 -0.188234 0.971969
vn 0.000000 -0.209590 0.977789
vn 0.000000 -0.209590 0.977789
vn 0.122648 -0.120132 0.985153
vn 0.000000 -0.209591 0.977789
vn 0.000000 -0.209591 0.977789
vn 0.000000 -0.209590 0.977789
vn 0.000000 -0.209590 0.977789
vn -0.140872 -0.188234 0.971969
vn -0.122648 -0.120130 0.985153
vn -0.106294 -0.194253 0.975176
vn 0.136783 -0.237212 0.961780
vn 0.185766 -0.140330 0.972522
vn -0.110324 -0.036783 0.993215
vn 0.392666 -0.276301 0.877195
vn 0.403656 -0.133016 0.905190
vn -0.141732 0.000000 0.989905
vn -0.406138 0.000000 0.913812
vn 0.000000 0.000000 1.000000
vn 0.000000 0.000000 1.000000
vn 0.000000 0.000000 1.000000
vn 0.000000 0.000000 1.000000
vn 0.000000 0.000000 1.000000
vn 0.000000 0.000000 1.000000
vn 0.000000 0.000000 1.000000
vn 0.000000 0.000000 1.000000
vn 0.000000 0.000000 1.000000
vn 0.000000 0.000000 1.000000
vn 0.000000 0.000000 1.000000
vn 0.000000 0.000000 1.000000
vn 0.000000 0.000000 1.000000
vn 0.000000 0.000000 1.000000
vn 0.406140 0.000000 0.913811
vn 0.141732 0.000000 0.989905
vn -0.421121 0.000000 0.907005
vn -0.421121 0.000000 0.907005
vn -0.421121 0.000000 0.907005
vn -0.421121 0.000000 0.907005
vn 0.000000 0.000000 1.000000
vn 0.000000 0.000000 1.000000
vn 0.000000 0.000000 1.000000
vn 0.000000 0.000000 1.000000
vn 0.000000 0.000000 1.000000
vn 0.000000 0.000000 1.000000
vn 0.000000 0.000000 1.000000
vn 0.421123 0.000000 0.907004
vn 0.421123 0.000000 0.907004
vn 0.421123 0.000000 0.907004
vn 0.421123 0.000000 0.907004
vn -0.421121 0.000000 0.907005
vn -0.421121 0.000000 0.907005
vn 0.000000 0.000000 1.000000
vn 0.000000 0.000000 1.000000
vn 0.000000 0.000000 1.000000
vn 0.000000 0.000000 1.000000
vn 0.000000 0.000000 1.000000
vn 0.000000 0.000000 1.000000
vn 0.000000 0.000000 1.000000
vn 0.421123 0.000000 0.907004
vn 0.421123 0.000000 0.907004
vn -0.421121 0.000000 0.907005
vn -0.421121 0.000000 0.907005
vn 0.000000 0.000000 1.000000
vn 0.000000 0.000000 1.000000
vn 0.000000 0.000000 1.000000
vn 0.000000 0.000000 1.000000
vn 0.000000 0.000000 1.000000
vn 0.000000 0.000000 1.000000
vn 0.000000 0.000000 1.000000
vn 0.421123 0.000000 0.907004
vn 0.421123 0.000000 0.907004
vn -0.421121 0.000000 0.907005
vn -0.421121 0.000000 0.907005
vn 0.000000 0.000000 1.000000
vn 0.000000 0.000000 1.000000
vn 0.000000 0.000000 1.000000
vn 0.000000 0.000000 1.000000
vn 0.000000 0.000000 1.000000
vn 0.000000 0.000000 1.000000
vn 0.000000 0.000000 1.000000
vn 0.421123 0.000000 0.907004
vn 0.421123 0.000000 0.907004
vn -0.406138 0.000000 0.913812
vn -0.141731 0.000000 0.989905
vn -0.185765 0.140330 0.972522
vn -0.403654 0.133015 0.905191
vn 0.000000 0.000000 1.000000
vn 0.000000 0.000000 1.000000
vn 0.000000 0.000000 1.000000
vn 0.000000 0.000000 1.000000
vn 0.000000 0.000000 1.000000
vn 0.000000 0.000000 1.000000
vn 0.000000 0.000000 1.000000
vn 0.141732 0.000000 0.989905
vn 0.406140 0.000000 0.913811
vn 0.403656 0.133016 0.905190
vn 0.185766 0.140330 0.972522
vn -0.136783 0.237212 0.961780
vn -0.392664 0.276300 0.877196
vn 0.110323 0.036782 0.993215
vn 0.106294 0.194253 0.975176
vn 0.122648 0.120132 0.985153
vn 0.000000 0.209590 0.977789
vn 0.000000 0.209590 0.977789
vn 0.140871 0.188234 0.971969
vn 0.000000 0.209591 0.977789
vn 0.000000 0.209591 0.977789
vn 0.000000 0.209590 0.977789
vn 0.000000 0.209590 0.977789
vn -0.122648 0.120130 0.985153
vn -0.140872 0.188234 0.971969
vn -0.110324 0.036783 0.993215
vn 0.136783 0.237212 0.961780
vn -0.106294 0.194253 0.975176
vn 0.392666 0.276301 0.877195
vn 0.000000 1.000000 0.000000
vn 0.000000 1.000000 -0.000000
vn 0.050016 0.998748 -0.000000
vn 0.000000 1.000000 0.000000
vn 0.000000 1.000000 -0.000000
vn 0.000000 1.000000 -0.000000
vn 0.000000 1.000000 0.000000
vn 0.000000 1.000000 0.000000
vn 0.000000 1.000000 0.000000
vn 0.000000 1.000000 0.000000
vn 0.000000 1.000000 0.000000
vn 0.000000 1.000000 0.000000
vn 0.000000 1.000000 -0.000000
vn 0.000000 1.000000 -0.000000
vn 0.000000 1.000000 -0.000000
vn 0.000000 1.000000 -0.000000
vn 0.000000 1.000000 0.000000
vn 0.000000 1.000000 -0.000000
vn -0.050016 0.998748 -0.000000
vn 0.000000 1.000000 0.000000
vn 0.000000 1.000000 -0.000000
vn 0.000000 1.000000 -0.000000
vn 0.111508 0.993764 0.000000
vn 0.000000 1.000000 0.000000
vn 0.000000 1.000000 0.000000
vn 0.000000 1.000000 0.000000
vn 0.000000 1.000000 0.000000
vn 0.000000 1.000000 0.000000
vn 0.000000 1.000000 0.000000
vn 0.000000 1.000000 0.000000
vn 0.000000 1.000000 0.000000
vn 0.000000 1.000000 0.000000
vn 0.000000 1.000000 0.000000
vn 0.000000 1.000000 0.000000
vn 0.000000 1.000000 0.000000
vn 0.000000 1.000000 0.000000
vn 0.000000 1.000000 0.000000
vn 0.000000 1.000000 0.000000
vn 0.000000 1.000000 0.000000
vn -0.111508 0.993764 0.000000
vn 0.000000 1.000000 0.000000
vn 0.000000 1.000000 0.000000
vn 0.000000 1.000000 0.000000
vn 0.000000 1.000000 0.000000
vn 0.000000 1.000000 0.000000
vn 0.000000 1.000000 0.000000
vn 0.000000 1.000000 0.000000
vn 0.000000 1.000000 0.000000
vn 0.000000 1.000000 0.000000
vn 0.000000 1.000000 0.000000
vn 0.000000 1.000000 0.000000
vn 0.000000 1.000000 0.000000
vn 0.000000 1.000000 0.000000
vn 0.000000 1.000000 0.000000
vn 0.000000 1.000000 0.000000
vn 0.000000 1.000000 0.000000
vn 0.000000 1.000000 0.000000
vn 0.000000 1.000000 0.000000
vn 0.000000 1.000000 0.000000
vn 0.000000 1.000000 0.000000
vn 0.000000 1.000000 0.000000
vn 0.000000 1.000000 0.000000
vn 0.000000 1.000000 0.000000
vn 0.000000 1.000000 0.000000
vn 0.000000 1.000000 0.000000
vn 0.000000 1.000000 0.000000
vn 0.000000 1.000000 0.000000
vn 0.000000 1.000000 0.000000
vn 0.000000 1.000000 0.000000
vn 0.000000 1.000000 0.000000
vn 0.000000 1.000000 0.000000
vn 0.000000 1.000000 0.000000
vn 0.000000 1.000000 0.000000
vn 0.000000 1.000000 0.000000
vn 0.000000 1.000000 0.000000
vn 0.000000 1.000000 0.000000
vn 0.000000 1.000000 0.000000
vn 0.000000 1.000000 0.000000
vn 0.000000 1.000000 0.000000
vn 0.000000 1.000000 0.000000
vn 0.000000 1.000000 0.000000
vn 0.000000 1.000000 0.000000
vn 0.000000 1.000000 0.000000
vn 0.000000 1.000000 0.000000
vn 0.000000 1.000000 0.000000
vn 0.000000 1.000000 0.000000
vn 0.000000 1.000000 0.000000
vn 0.000000 1.000000 0.000000
vn 0.000000 1.000000 0.000000
vn 0.111509 0.993763 0.000000
vn 0.050016 0.998748 -0.000000
vn 0.000000 1.000000 -0.000000
vn 0.000000 1.000000 0.000000
vn 0.000000 1.000000 0.000000
vn 0.000000 1.000000 0.000000
vn 0.000000 1.000000 0.000000
vn 0.000000 1.000000 0.000000
vn 0.000000 1.000000 0.000000
vn 0.000000 1.000000 0.000000
vn -0.111509 0.993763 0.000000
vn 0.000000 1.000000 0.000000
vn 0.000000 1.000000 0.000000
vn -0.050016 0.998748 0.000000
vn 0.000000 1.000000 -0.000000
vn 0.000000 1.000000 -0.000000
vn 0.000000 1.000000 0.000000
vn 0.000000 1.000000 0.000000
vn 0.000000 1.000000 -0.000000
vn 0.000000 1.000000 -0.000000
vn 0.000000 1.000000 -0.000000
vn 0.000000 1.000000 -0.000000
vn 0.000000 1.000000 -0.000000
vn 0.000000 1.000000 -0.000000
vn 0.000000 1.000000 0.000000
vn 0.000000 1.000000 0.000000
vn 0.000000 1.000000 0.000000
vn 0.000000 1.000000 0.000000
vn 0.000000 1.000000 -0.000000
vn 0.000000 1.000000 0.000000
vn 0.000000 1.000000 -0.000000
vn 0.000000 1.000000 0.000000
vn -0.392664 0.276300 -0.877196
vn -0.136783 0.237212 -0.961780
vn -0.185765 0.140330 -0.972522
vn -0.403654 0.133015 -0.905191
vn 0.106295 0.194253 -0.975175
vn 0.110324 0.036782 -0.993215
vn 0.140872 0.188234 -0.971969
vn 0.000000 0.209590 -0.977789
vn 0.000000 0.209590 -0.977789
vn 0.122649 0.120132 -0.985153
vn 0.000000 0.209591 -0.977789
vn 0.000000 0.209591 -0.977789
vn 0.000000 0.209590 -0.977789
vn 0.000000 0.209590 -0.977789
vn -0.140874 0.188235 -0.971968
vn -0.126891 0.190546 -0.973443
vn -0.106295 0.194253 -0.975175
vn 0.136783 0.237212 -0.961780
vn 0.246398 0.174550 -0.953321
vn -0.119868 0.192064 -0.974035
vn 0.392666 0.276301 -0.877195
vn 0.403656 0.133016 -0.905190
vn -0.141732 0.000000 -0.989905
vn -0.406138 0.000000 -0.913812
vn 0.000000 0.000000 -1.000000
vn 0.000000 0.000000 -1.000000
vn 0.000000 0.000000 -1.000000
vn 0.000000 0.000000 -1.000000
vn 0.000000 0.000000 -1.000000
vn 0.000000 0.000000 -1.000000
vn 0.000000 0.000000 -1.000000
vn 0.000000 0.000000 -1.000000
vn 0.000000 0.000000 -1.000000
vn 0.000000 0.000000 -1.000000
vn 0.000000 -0.000746 -1.000000
vn 0.000000 0.000000 -1.000000
vn -0.003667 -0.005338 -0.999979
vn -0.001657 0.000000 -0.999999
vn 0.406140 0.000000 -0.913811
vn 0.406140 0.000000 -0.913811
vn -0.421121 0.000000 -0.907005
vn -0.421121 0.000000 -0.907005
vn -0.421121 0.000000 -0.907005
vn -0.421121 0.000000 -0.907005
vn 0.000000 0.000000 -1.000000
vn 0.000000 0.000000 -1.000000
vn 0.000000 0.000000 -1.000000
vn 0.000000 0.000000 -1.000000
vn 0.000000 0.000000 -1.000000
vn 0.000000 0.000000 -1.000000
vn 0.000000 0.000000 -1.000000
vn 0.421123 0.000000 -0.907004
vn 0.421123 0.000000 -0.907004
vn 0.421123 0.000000 -0.907004
vn 0.421123 0.000000 -0.907004
vn -0.421121 0.000000 -0.907005
vn -0.421121 0.000000 -0.907005
vn 0.000000 0.000000 -1.000000
vn 0.000000 0.000000 -1.000000
vn 0.000000 0.000000 -1.000000
vn 0.000000 0.000000 -1.000000
vn 0.000000 0.000000 -1.000000
vn 0.000000 0.000000 -1.000000
vn 0.000000 0.000000 -1.000000
vn 0.421123 0.000000 -0.907004
vn 0.421123 0.000000 -0.907004
vn -0.421121 0.000000 -0.907005
vn -0.421121 0.000000 -0.907005
vn 0.000000 0.000000 -1.000000
vn 0.000000 0.000000 -1.000000
vn 0.000000 0.000000 -1.000000
vn 0.000000 0.000000 -1.000000
vn 0.000000 0.000000 -1.000000
vn 0.000000 0.000000 -1.000000
vn 0.000000 0.000000 -1.000000
vn 0.421123 0.000000 -0.907004
vn 0.421123 0.000000 -0.907004
vn -0.421121 0.000000 -0.907005
vn -0.421121 0.000000 -0.907005
vn 0.000000 0.000000 -1.000000
vn 0.000000 0.000000 -1.000000
vn 0.000000 0.000000 -1.000000
vn 0.000000 0.000000 -1.000000
vn 0.000000 0.000000 -1.000000
vn 0.000000 0.000000 -1.000000
vn 0.000000 0.000000 -1.000000
vn 0.421123 0.000000 -0.907004
vn 0.421123 0.000000 -0.907004
vn -0.406138 0.000000 -0.913812
vn -0.141730 0.000000 -0.989905
vn -0.185765 -0.140330 -0.972522
vn -0.403654 -0.133015 -0.905191
vn 0.000000 0.000000 -1.000000
vn 0.000000 0.000000 -1.000000
vn 0.000000 0.000000 -1.000000
vn 0.000000 0.000000 -1.000000
vn 0.000000 0.000000 -1.000000
vn 0.000000 0.000000 -1.000000
vn 0.000000 0.000000 -1.000000
vn 0.141733 0.000000 -0.989905
vn 0.406140 0.000000 -0.913811
vn 0.403656 -0.133016 -0.905190
vn 0.185766 -0.140330 -0.972522
vn -0.136783 -0.237212 -0.961780
vn -0.392664 -0.276300 -0.877196
vn 0.110324 -0.036782 -0.993215
vn 0.106296 -0.194253 -0.975175
vn 0.122650 -0.120132 -0.985152
vn 0.000000 -0.209590 -0.977789
vn 0.000000 -0.209590 -0.977789
vn 0.140873 -0.188234 -0.971969
vn 0.000000 -0.209591 -0.977789
vn 0.000000 -0.209591 -0.977789
vn 0.000000 -0.209590 -0.977789
vn 0.000000 -0.209590 -0.977789
vn -0.122649 -0.120130 -0.985153
vn -0.140874 -0.188234 -0.971968
vn -0.110325 -0.036783 -0.993215
vn 0.136783 -0.237212 -0.961780
vn -0.106295 -0.194253 -0.975176
vn 0.392666 -0.276301 -0.877195
vn 0.000000 -1.000000 0.000000
vn 0.000000 -1.000000 0.000000
vn 0.050016 -0.998748 0.000000
vn 0.000000 -1.000000 0.000000
vn 0.000000 -1.000000 0.000000
vn 0.000000 -1.000000 0.000000
vn 0.000000 -1.000000 -0.000000
vn 0.000000 -1.000000 -0.000000
vn 0.000000 -1.000000 -0.000000
vn 0.000000 -1.000000 -0.000000
vn 0.000000 -1.000000 -0.000000
vn 0.000000 -1.000000 -0.000000
vn 0.000000 -1.000000 0.000000
vn 0.000000 -1.000000 0.000000
vn 0.000000 -1.000000 0.000000
vn 0.000000 -1.000000 0.000000
vn 0.000000 -1.000000 -0.000000
vn 0.000000 -1.000000 0.000000
vn -0.050016 -0.998748 0.000000
vn 0.000000 -1.000000 -0.000000
vn 0.000000 -1.000000 0.000000
vn 0.000000 -1.000000 0.000000
vn 0.111508 -0.993764 0.000000
vn 0.000000 -1.000000 0.000000
vn 0.000000 -1.000000 0.000000
vn 0.000000 -1.000000 0.000000
vn 0.000000 -1.000000 0.000000
vn 0.000000 -1.000000 0.000000
vn 0.000000 -1.000000 0.000000
vn 0.000000 -1.000000 0.000000
vn 0.000000 -1.000000 0.000000
vn 0.000000 -1.000000 0.000000
vn 0.000000 -1.000000 0.000000
vn 0.000000 -1.000000 0.000000
vn 0.000000 -1.000000 0.000000
vn 0.000000 -1.000000 0.000000
vn 0.000000 -1.000000 0.000000
vn 0.000000 -1.000000 0.000000
vn 0.000000 -1.000000 0.000000
vn -0.111508 -0.993764 0.000000
vn 0.000000 -1.000000 0.000000
vn 0.000000 -1.000000 0.000000
vn 0.000000 -1.000000 0.000000
vn 0.000000 -1.000000 0.000000
vn 0.000000 -1.000000 0.000000
vn 0.000000 -1.000000 0.000000
vn 0.000000 -1.000000 0.000000
vn 0.000000 -1.000000 0.000000
vn 0.000000 -1.000000 0.000000
vn 0.000000 -1.000000 0.000000
vn 0.000000 -1.000000 0.000000
vn 0.000000 -1.000000 0.000000
vn 0.000000 -1.000000 0.000000
vn 0.000000 -1.000000 0.000000
vn 0.000000 -1.000000 0.000000
vn 0.000000 -1.000000 0.000000
vn 0.000000 -1.000000 0.000000
vn 0.000000 -1.000000 0.000000
vn 0.000000 -1.000000 0.000000
vn 0.000000 -1.000000 0.000000
vn 0.000000 -1.000000 0.000000
vn 0.000000 -1.000000 0.000000
vn 0.000000 -1.000000 0.000000
vn 0.000000 -1.000000 0.000000
vn 0.000000 -1.000000 0.000000
vn 0.000000 -1.000000 0.000000
vn 0.000000 -1.000000 0.000000
vn 0.000000 -1.000000 0.000000
vn 0.000000 -1.000000 0.000000
vn 0.000000 -1.000000 0.000000
vn 0.000000 -1.000000 0.000000
vn 0.000000 -1.000000 0.000000
vn 0.000000 -1.000000 0.000000
vn 0.000000 -1.000000 0.000000
vn 0.000000 -1.000000 0.000000
vn 0.000000 -1.000000 0.000000
vn 0.000000 -1.000000 0.000000
vn 0.000000 -1.000000 0.000000
vn 0.000000 -1.000000 0.000000
vn 0.000000 -1.000000 0.000000
vn 0.000000 -1.000000 0.000000
vn 0.000000 -1.000000 0.000000
vn 0.000000 -1.000000 0.000000
vn 0.000000 -1.000000 0.000000
vn 0.000000 -1.000000 0.000000
vn 0.000000 -1.000000 0.000000
vn 0.000000 -1.000000 0.000000
vn 0.000000 -1.000000 0.000000
vn 0.000000 -1.000000 0.000000
vn 0.111509 -0.993763 0.000000
vn 0.050016 -0.998748 0.000000
vn 0.000000 -1.000000 0.000000
vn 0.000000 -1.000000 0.000000
vn 0.000000 -1.000000 0.000000
vn 0.000000 -1.000000 0.000000
vn 0.000000 -1.000000 0.000000
vn 0.000000 -1.000000 0.000000
vn 0.000000 -1.000000 0.000000
vn 0.000000 -1.000000 0.000000
vn -0.111509 -0.993763 0.000000
vn 0.000000 -1.000000 0.000000
vn 0.000000 -1.000000 -0.000000
vn -0.050016 -0.998748 -0.000000
vn 0.000000 -1.000000 0.000000
vn 0.000000 -1.000000 0.000000
vn 0.000000 -1.000000 -0.000000
vn 0.000000 -1.000000 -0.000000
vn 0.000000 -1.000000 0.000000
vn 0.000000 -1.000000 0.000000
vn 0.000000 -1.000000 0.000000
vn 0.000000 -1.000000 0.000000
vn 0.000000 -1.000000 0.000000
vn 0.000000 -1.000000 0.000000
vn 0.000000 -1.000000 -0.000000
vn 0.000000 -1.000000 -0.000000
vn 0.000000 -1.000000 -0.000000
vn 0.000000 -1.000000 -0.000000
vn 0.000000 -1.000000 0.000000
vn 0.000000 -1.000000 -0.000000
vn 0.000000 -1.000000 0.000000
vn 0.000000 -1.000000 -0.000000
vn 0.924676 -0.304693 -0.228335
vn 0.827572 -0.312049 -0.466637
vn 0.859417 -0.157606 -0.486377
vn 0.917934 -0.204173 -0.340163
vn 0.959794 -0.280705 0.000000
vn 0.959794 -0.280705 0.000000
vn 0.963126 -0.269052 0.000000
vn 0.963125 -0.269053 0.000000
vn 0.963125 -0.269053 0.000000
vn 0.963126 -0.269052 0.000000
vn 0.963126 -0.269050 0.000000
vn 0.963126 -0.269050 0.000000
vn 0.963126 -0.269051 0.000000
vn 0.963126 -0.269051 0.000000
vn 0.963126 -0.269052 0.000000
vn 0.963126 -0.269052 0.000000
vn 0.924676 -0.304694 0.228335
vn 0.959794 -0.280706 0.000000
vn 0.959794 -0.280706 0.000000
vn 0.917934 -0.204173 0.340163
vn 0.827572 -0.312049 0.466638
vn 0.859417 -0.157606 0.486377
vn 0.869561 0.000000 -0.493826
vn 0.869561 0.000000 -0.493826
vn 1.000000 0.000000 0.000000
vn 1.000000 0.000000 0.000000
vn 1.000000 0.000000 0.000000
vn 1.000000 0.000000 0.000000
vn 1.000000 0.000000 0.000000
vn 1.000000 0.000000 0.000000
vn 1.000000 0.000000 0.000000
vn 1.000000 0.000000 0.000000
vn 1.000000 0.000000 0.000000
vn 1.000000 0.000000 0.000000
vn 1.000000 0.000000 0.000000
vn 1.000000 0.000000 0.000000
vn 1.000000 0.000000 0.000000
vn 1.000000 0.000000 0.000000
vn 0.869561 0.000000 0.493826
vn 0.869561 0.000000 0.493826
vn 0.852123 0.000000 -0.523341
vn 0.852123 0.000000 -0.523341
vn 0.852123 0.000000 -0.523341
vn 0.852123 0.000000 -0.523341
vn 1.000000 0.000000 0.000000
vn 1.000000 0.000000 0.000000
vn 1.000000 0.000000 0.000000
vn 1.000000 0.000000 0.000000
vn 1.000000 0.000000 0.000000
vn 1.000000 0.000000 0.000000
vn 1.000000 0.000000 0.000000
vn 0.852123 0.000000 0.523341
vn 0.852123 0.000000 0.523341
vn 0.852123 0.000000 0.523341
vn 0.852123 0.000000 0.523341
vn 0.852123 0.000000 -0.523341
vn 0.852123 0.000000 -0.523341
vn 1.000000 0.000000 0.000000
vn 1.000000 0.000000 0.000000
vn 1.000000 0.000000 0.000000
vn 1.000000 0.000000 0.000000
vn 1.000000 0.000000 0.000000
vn 1.000000 0.000000 0.000000
vn 1.000000 0.000000 0.000000
vn 0.852123 0.000000 0.523341
vn 0.852123 0.000000 0.523341
vn 0.852123 0.000000 -0.523341
vn 0.852123 0.000000 -0.523341
vn 1.000000 0.000000 0.000000
vn 1.000000 0.000000 0.000000
vn 1.000000 0.000000 0.000000
vn 1.000000 0.000000 0.000000
vn 1.000000 0.000000 0.000000
vn 1.000000 0.000000 0.000000
vn 1.000000 0.000000 0.000000
vn 0.852123 0.000000 0.523341
vn 0.852123 0.000000 0.523341
vn 0.852123 0.000000 -0.523341
vn 0.852123 0.000000 -0.523341
vn 1.000000 0.000000 0.000000
vn 1.000000 0.000000 0.000000
vn 1.000000 0.000000 0.000000
vn 1.000000 0.000000 0.000000
vn 1.000000 0.000000 0.000000
vn 1.000000 0.000000 0.000000
vn 1.000000 0.000000 0.000000
vn 0.852123 0.000000 0.523341
vn 0.852123 0.000000 0.523341
vn 0.869561 0.000000 -0.493826
vn 0.869561 0.000000 -0.493826
vn 0.859417 0.157606 -0.486377
vn 0.917934 0.204174 -0.340163
vn 1.000000 0.000000 0.000000
vn 1.000000 0.000000 0.000000
vn 1.000000 0.000000 0.000000
vn 1.000000 0.000000 0.000000
vn 1.000000 0.000000 0.000000
vn 1.000000 0.000000 0.000000
vn 1.000000 0.000000 0.000000
vn 0.869561 0.000000 0.493826
vn 0.869561 0.000000 0.493826
vn 0.917934 0.204173 0.340163
vn 0.859417 0.157606 0.486377
vn 0.827572 0.312049 -0.466637
vn 0.924675 0.304695 -0.228335
vn 0.959793 0.280708 0.000000
vn 0.959793 0.280708 0.000000
vn 0.963126 0.269052 0.000000
vn 0.963125 0.269053 0.000000
vn 0.963125 0.269053 0.000000
vn 0.963126 0.269052 0.000000
vn 0.963126 0.269050 0.000000
vn 0.963126 0.269050 0.000000
vn 0.963126 0.269051 0.000000
vn 0.963126 0.269051 0.000000
vn 0.963126 0.269052 0.000000
vn 0.963126 0.269052 0.000000
vn 0.959794 0.280706 0.000000
vn 0.959794 0.280706 0.000000
vn 0.924676 0.304694 0.228335
vn 0.827571 0.312049 0.466638
vn -0.827573 -0.312051 -0.466634
vn -0.924676 -0.304693 -0.228333
vn -0.917935 -0.204173 -0.340161
vn -0.859419 -0.157607 -0.486374
vn -0.959795 -0.280704 0.000000
vn -0.959795 -0.280704 0.000000
vn -0.963125 -0.269054 0.000000
vn -0.963126 -0.269052 0.000000
vn -0.963126 -0.269052 0.000000
vn -0.963125 -0.269054 0.000000
vn -0.963126 -0.269050 0.000000
vn -0.963126 -0.269050 0.000000
vn -0.963126 -0.269052 0.000000
vn -0.963126 -0.269052 0.000000
vn -0.963125 -0.269053 0.000000
vn -0.963125 -0.269053 0.000000
vn -0.959795 -0.280702 0.000000
vn -0.924676 -0.304694 0.228333
vn -0.917935 -0.204173 0.340161
vn -0.959795 -0.280702 0.000000
vn -0.827572 -0.312053 0.466635
vn -0.859418 -0.157608 0.486375
vn -0.869562 0.000000 -0.493824
vn -0.869562 0.000000 -0.493824
vn -1.000000 0.000000 0.000000
vn -1.000000 0.000000 0.000000
vn -1.000000 0.000000 0.000000
vn -1.000000 0.000000 0.000000
vn -1.000000 0.000000 0.000000
vn -1.000000 0.000000 0.000000
vn -1.000000 0.000000 0.000000
vn -1.000000 0.000000 0.000000
vn -1.000000 0.000000 0.000000
vn -1.000000 0.000000 0.000000
vn -1.000000 0.000000 0.000000
vn -1.000000 0.000000 0.000000
vn -1.000000 0.000000 0.000000
vn -1.000000 0.000000 0.000000
vn -0.869562 0.000000 0.493824
vn -0.869562 0.000000 0.493824
vn -0.852125 0.000000 -0.523338
vn -0.852125 0.000000 -0.523338
vn -0.852125 0.000000 -0.523338
vn -0.852125 0.000000 -0.523338
vn -1.000000 0.000000 0.000000
vn -1.000000 0.000000 0.000000
vn -1.000000 0.000000 0.000000
vn -1.000000 0.000000 0.000000
vn -1.000000 0.000000 0.000000
vn -1.000000 0.000000 0.000000
vn -1.000000 0.000000 0.000000
vn -0.852125 0.000000 0.523338
vn -0.852125 0.000000 0.523338
vn -0.852125 0.000000 0.523338
vn -0.852125 0.000000 0.523338
vn -0.852125 0.000000 -0.523338
vn -0.852125 0.000000 -0.523338
vn -1.000000 0.000000 0.000000
vn -1.000000 0.000000 0.000000
vn -1.000000 0.000000 0.000000
vn -1.000000 0.000000 0.000000
vn -1.000000 0.000000 0.000000
vn -1.000000 0.000000 0.000000
vn -1.000000 0.000000 0.000000
vn -0.852125 0.000000 0.523338
vn -0.852125 0.000000 0.523338
vn -0.852125 0.000000 -0.523338
vn -0.852125 0.000000 -0.523338
vn -1.000000 0.000000 0.000000
vn -1.000000 0.000000 0.000000
vn -1.000000 0.000000 0.000000
vn -1.000000 0.000000 0.000000
vn -1.000000 0.000000 0.000000
vn -1.000000 0.000000 0.000000
vn -1.000000 0.000000 0.000000
vn -0.852125 0.000000 0.523338
vn -0.852125 0.000000 0.523338
vn -0.852125 0.000000 -0.523338
vn -0.852125 0.000000 -0.523338
vn -1.000000 0.000000 0.000000
vn -1.000000 0.000000 0.000000
vn -1.000000 0.000000 0.000000
vn -1.000000 0.000000 0.000000
vn -1.000000 0.000000 0.000000
vn -1.000000 0.000000 0.000000
vn -1.000000 0.000000 0.000000
vn -0.852125 0.000000 0.523338
vn -0.852125 0.000000 0.523338
vn -0.869562 0.000000 -0.493824
vn -0.869562 0.000000 -0.493824
vn -0.917935 0.204173 -0.340161
vn -0.859419 0.157608 -0.486374
vn -1.000000 0.000000 0.000000
vn -1.000000 0.000000 0.000000
vn -1.000000 0.000000 0.000000
vn -1.000000 0.000000 0.000000
vn -1.000000 0.000000 0.000000
vn -1.000000 0.000000 0.000000
vn -1.000000 0.000000 0.000000
vn -0.869562 0.000000 0.493824
vn -0.869562 0.000000 0.493824
vn -0.859418 0.157608 0.486375
vn -0.917935 0.204174 0.340161
vn -0.924676 0.304694 -0.228333
vn -0.827573 0.312052 -0.466633
vn -0.959795 0.280704 0.000000
vn -0.959795 0.280704 0.000000
vn -0.963125 0.269054 0.000000
vn -0.963126 0.269052 0.000000
vn -0.963126 0.269052 0.000000
vn -0.963125 0.269054 0.000000
vn -0.963126 0.269050 0.000000
vn -0.963126 0.269050 0.000000
vn -0.963126 0.269052 0.000000
vn -0.963126 0.269052 0.000000
vn -0.963125 0.269053 0.000000
vn -0.963125 0.269053 0.000000
vn -0.959794 0.280705 0.000000
vn -0.924676 0.304695 0.228333
vn -0.959794 0.280705 0.000000
vn -0.827572 0.312052 0.466635
vn 0.000000 0.850788 0.525510
vn 0.000000 0.850788 0.525509
vn 0.000000 0.850788 0.525509
vn 0.000000 0.850788 0.525509
vn 0.000000 0.850788 0.525510
vn 0.000000 0.850788 0.525510
vn 0.000000 0.850788 0.525509
vn 0.000000 0.850788 0.525509
vn 0.000000 0.850788 0.525509
vn 0.000000 0.850788 0.525509
vn 0.000000 0.850788 0.525509
vn 0.000000 0.850788 0.525509
vn 0.000000 0.850788 0.525509
vn 0.000000 0.850788 0.525509
vn 0.681235 0.000000 0.732065
vn 0.681235 0.000000 0.732065
vn 0.681235 0.000000 0.732065
vn 0.681235 0.000000 0.732065
vn -0.681235 0.000000 0.732064
vn -0.681236 0.000000 0.732064
vn -0.681236 0.000000 0.732064
vn -0.681236 0.000000 0.732064
vn 0.681236 0.000000 0.732064
vn 0.681236 0.000000 0.732064
vn -0.681237 0.000000 0.732063
vn -0.681236 0.000000 0.732064
vn 0.681237 0.000000 0.732063
vn 0.681237 0.000000 0.732063
vn -0.681237 0.000000 0.732063
vn -0.681237 0.000000 0.732063
vn 0.681237 0.000000 0.732063
vn 0.681236 0.000000 0.732064
vn -0.681236 0.000000 0.732064
vn -0.681236 0.000000 0.732064
vn 0.681235 0.000000 0.732064
vn 0.681236 0.000000 0.732064
vn -0.681235 0.000000 0.732065
vn -0.681235 0.000000 0.732065
vn 0.681236 0.000000 0.732064
vn 0.681236 0.000000 0.732064
vn -0.681235 0.000000 0.732065
vn -0.681235 0.000000 0.732065
vn 0.000000 -0.850788 0.525509
vn 0.000000 -0.850788 0.525509
vn 0.000000 -0.850788 0.525509
vn 0.000000 -0.850788 0.525509
vn 0.000000 -0.850788 0.525509
vn 0.000000 -0.850788 0.525509
vn 0.000000 -0.850788 0.525509
vn 0.000000 -0.850788 0.525509
vn 0.000000 -0.850788 0.525510
vn 0.000000 -0.850788 0.525510
vn 0.000000 -0.850788 0.525510
vn 0.000000 -0.850788 0.525509
vn 0.000000 -0.850788 0.525509
vn 0.000000 -0.850788 0.525509
vn 0.000000 0.673316 -0.739355
vn 0.000000 0.673317 -0.739354
vn 0.000000 0.673317 -0.739354
vn 0.000000 0.673316 -0.739355
vn 0.000000 0.673316 -0.739355
vn 0.000000 0.673316 -0.739355
vn 0.000000 0.673317 -0.739354
vn 0.000000 0.673317 -0.739354
vn 0.000000 0.673316 -0.739355
vn 0.000000 0.673316 -0.739355
vn 0.000000 0.673316 -0.739355
vn 0.000000 0.673316 -0.739355
vn 0.000000 0.673317 -0.739354
vn 0.000000 0.673316 -0.739354
vn 0.608289 0.793715 0.000000
vn 0.608288 0.793716 0.000000
vn 0.568648 0.822581 0.000000
vn 0.528706 0.848805 0.000000
vn -0.608289 0.793715 0.000000
vn -0.608288 0.793716 0.000000
vn -0.528706 0.848805 0.000000
vn -0.568649 0.822580 0.000000
vn 0.608289 0.793716 0.000000
vn 0.608289 0.793716 0.000000
vn -0.608289 0.793716 0.000000
vn -0.608289 0.793716 0.000000
vn 0.608290 0.793715 0.000000
vn 0.608290 0.793715 0.000000
vn -0.608287 0.793717 0.000000
vn -0.608287 0.793717 0.000000
vn 0.608290 0.793715 0.000000
vn 0.608289 0.793715 0.000000
vn -0.608289 0.793716 0.000000
vn -0.608289 0.793716 0.000000
vn 0.608288 0.793716 0.000000
vn 0.568649 0.822581 0.000000
vn -0.608289 0.793715 0.000000
vn -0.568649 0.822580 0.000000
vn 0.608287 0.793717 0.000000
vn 0.528706 0.848805 0.000000
vn -0.608287 0.793717 0.000000
vn -0.528707 0.848805 0.000000
vn 0.000000 0.673317 0.739354
vn 0.000000 0.673316 0.739355
vn 0.000000 0.673316 0.739355
vn 0.000000 0.673316 0.739354
vn 0.000000 0.673316 0.739355
vn 0.000000 0.673316 0.739355
vn 0.000000 0.673317 0.739354
vn 0.000000 0.673317 0.739354
vn 0.000000 0.673316 0.739355
vn 0.000000 0.673316 0.739355
vn 0.000000 0.673316 0.739355
vn 0.000000 0.673316 0.739355
vn 0.000000 0.673317 0.739354
vn 0.000000 0.673317 0.739354
vn 0.000000 -0.850788 -0.525510
vn 0.000000 -0.850788 -0.525509
vn 0.000000 -0.850788 -0.525509
vn 0.000000 -0.850788 -0.525509
vn 0.000000 -0.850788 -0.525510
vn 0.000000 -0.850788 -0.525510
vn 0.000000 -0.850788 -0.525509
vn 0.000000 -0.850788 -0.525509
vn 0.000000 -0.850788 -0.525509
vn 0.000000 -0.850788 -0.525509
vn 0.000000 -0.850788 -0.525510
vn 0.000000 -0.850788 -0.525510
vn 0.000000 -0.913830 -0.406098
vn 0.000000 -0.913830 -0.406098
vn 0.000000 -0.913830 -0.406098
vn 0.000000 -0.913830 -0.406098
vn 0.681236 0.000000 -0.732064
vn 0.681235 0.000000 -0.732065
vn 0.681235 0.000000 -0.732065
vn 0.681236 0.000000 -0.732064
vn -0.777284 0.000000 -0.629150
vn -0.777284 0.000000 -0.629150
vn -0.777284 0.000000 -0.629150
vn -0.777284 0.000000 -0.629150
vn 0.681234 0.000000 -0.732066
vn 0.681234 0.000000 -0.732066
vn -0.681234 0.000000 -0.732066
vn -0.681233 0.000000 -0.732066
vn -0.681233 0.000000 -0.732066
vn -0.681234 0.000000 -0.732066
vn 0.681234 0.000000 -0.732066
vn 0.681234 0.000000 -0.732066
vn -0.681234 0.000000 -0.732066
vn -0.681234 0.000000 -0.732066
vn 0.681234 0.000000 -0.732066
vn 0.681234 0.000000 -0.732066
vn -0.681234 0.000000 -0.732066
vn -0.681234 0.000000 -0.732066
vn 0.681235 0.000000 -0.732065
vn 0.681236 0.000000 -0.732064
vn -0.681235 0.000000 -0.732065
vn -0.681235 0.000000 -0.732065
vn 0.681237 0.000000 -0.732063
vn 0.681237 0.000000 -0.732063
vn -0.681236 0.000000 -0.732064
vn -0.681236 0.000000 -0.732064
vn 0.000000 0.850788 -0.525509
vn 0.000000 0.850788 -0.525509
vn 0.000000 0.850788 -0.525509
vn 0.000000 0.850788 -0.525509
vn 0.000000 0.850788 -0.525509
vn 0.000000 0.850788 -0.525509
vn 0.000000 0.850788 -0.525509
vn 0.000000 0.850788 -0.525509
vn 0.000000 0.850788 -0.525510
vn 0.000000 0.850788 -0.525510
vn 0.000000 0.850788 -0.525510
vn 0.000000 0.850788 -0.525509
vn 0.000000 0.850788 -0.525509
vn 0.000000 0.850788 -0.525509
vn 0.000000 -0.673316 0.739355
vn 0.000000 -0.673317 0.739354
vn 0.000000 -0.673317 0.739354
vn 0.000000 -0.673316 0.739355
vn 0.000000 -0.673316 0.739355
vn 0.000000 -0.673316 0.739355
vn 0.000000 -0.673317 0.739354
vn 0.000000 -0.673317 0.739354
vn 0.000000 -0.673316 0.739355
vn 0.000000 -0.673316 0.739355
vn 0.000000 -0.673316 0.739355
vn 0.000000 -0.673316 0.739355
vn 0.000000 -0.673317 0.739354
vn 0.000000 -0.673316 0.739354
vn 0.608289 -0.793715 0.000000
vn 0.608288 -0.793716 0.000000
vn 0.568648 -0.822581 0.000000
vn 0.528706 -0.848805 0.000000
vn -0.608289 -0.793715 0.000000
vn -0.608288 -0.793716 0.000000
vn -0.528706 -0.848805 0.000000
vn -0.568649 -0.822580 0.000000
vn 0.608288 -0.793716 0.000000
vn 0.608288 -0.793716 0.000000
vn -0.608288 -0.793717 0.000000
vn -0.608288 -0.793716 0.000000
vn 0.608290 -0.793715 0.000000
vn 0.608290 -0.793715 0.000000
vn -0.608288 -0.793717 0.000000
vn -0.608288 -0.793717 0.000000
vn 0.608290 -0.793715 0.000000
vn 0.608290 -0.793715 0.000000
vn -0.608290 -0.793715 0.000000
vn -0.608290 -0.793715 0.000000
vn 0.608288 -0.793716 0.000000
vn 0.568649 -0.822581 0.000000
vn -0.608289 -0.793715 0.000000
vn -0.568649 -0.822580 0.000000
vn 0.608287 -0.793717 0.000000
vn 0.528706 -0.848805 0.000000
vn -0.608287 -0.793717 0.000000
vn -0.528707 -0.848805 0.000000
vn 0.000000 -0.673317 -0.739354
vn 0.000000 -0.673316 -0.739355
vn 0.000000 -0.673316 -0.739355
vn 0.000000 -0.673316 -0.739354
vn 0.000000 -0.673316 -0.739355
vn 0.000000 -0.673316 -0.739355
vn 0.000000 -0.673317 -0.739354
vn 0.000000 -0.673317 -0.739354
vn 0.000000 -0.673316 -0.739355
vn 0.000000 -0.673316 -0.739355
vn 0.000000 -0.673316 -0.739355
vn 0.000000 -0.673316 -0.739355
vn 0.000000 -0.673317 -0.739354
vn 0.000000 -0.673317 -0.739354
vn 0.395874 0.918305 0.000000
vn 0.395873 0.918305 0.000000
vn 0.362398 0.932024 0.000000
vn 0.332356 0.943154 0.000000
vn 0.395873 0.918305 0.000000
vn 0.395873 0.918305 0.000000
vn 0.395874 0.918305 0.000000
vn 0.395874 0.918305 0.000000
vn 0.395874 0.918305 0.000000
vn 0.395874 0.918305 0.000000
vn 0.395874 0.918305 0.000000
vn 0.362399 0.932023 0.000000
vn 0.395875 0.918305 0.000000
vn 0.332356 0.943154 0.000000
vn 0.463759 0.000000 0.885962
vn 0.463760 0.000000 0.885961
vn 0.233857 0.000000 0.972271
vn 0.362844 0.000000 0.931850
vn 0.463757 0.000000 -0.885962
vn 0.463760 0.000000 -0.885961
vn 0.362843 0.000000 -0.931850
vn 0.233853 0.000000 -0.972272
vn 0.463758 0.000000 0.885962
vn 0.463758 0.000000 0.885962
vn 0.463760 0.000000 -0.885961
vn 0.463761 0.000000 -0.885961
vn 0.463757 0.000000 0.885963
vn 0.463757 0.000000 0.885963
vn 0.463758 0.000000 -0.885962
vn 0.463758 0.000000 -0.885962
vn 0.463756 0.000000 0.885963
vn 0.463756 0.000000 0.885963
vn 0.463759 0.000000 -0.885961
vn 0.463759 0.000000 -0.885961
vn 0.463756 0.000000 0.885963
vn 0.362840 0.000000 0.931852
vn 0.463760 0.000000 -0.885961
vn 0.362844 0.000000 -0.931850
vn 0.463756 0.000000 0.885963
vn 0.233852 0.000000 0.972272
vn 0.463759 0.000000 -0.885961
vn 0.233855 0.000000 -0.972272
vn 0.395874 -0.918305 0.000000
vn 0.395875 -0.918304 0.000000
vn 0.332357 -0.943154 0.000000
vn 0.362399 -0.932023 0.000000
vn 0.395874 -0.918305 0.000000
vn 0.395874 -0.918305 0.000000
vn 0.395874 -0.918305 0.000000
vn 0.395874 -0.918305 0.000000
vn 0.395873 -0.918305 0.000000
vn 0.395873 -0.918305 0.000000
vn 0.395873 -0.918305 0.000000
vn 0.362398 -0.932024 0.000000
vn 0.395873 -0.918305 0.000000
vn 0.332355 -0.943154 0.000000
vn -0.395874 0.918305 0.000000
vn -0.395875 0.918305 0.000000
vn -0.332355 0.943154 0.000000
vn -0.362397 0.932024 0.000000
vn -0.395873 0.918305 0.000000
vn -0.395873 0.918305 0.000000
vn -0.395874 0.918305 0.000000
vn -0.395874 0.918305 0.000000
vn -0.395874 0.918305 0.000000
vn -0.395874 0.918305 0.000000
vn -0.395874 0.918305 0.000000
vn -0.362397 0.932024 0.000000
vn -0.395874 0.918305 0.000000
vn -0.332354 0.943155 0.000000
vn -0.463756 0.000000 0.885963
vn -0.463756 0.000000 0.885963
vn -0.362839 0.000000 0.931852
vn -0.233851 0.000000 0.972272
vn -0.463760 0.000000 -0.885961
vn -0.463759 0.000000 -0.885961
vn -0.233854 0.000000 -0.972272
vn -0.362843 0.000000 -0.931850
vn -0.463756 0.000000 0.885963
vn -0.463756 0.000000 0.885963
vn -0.463759 0.000000 -0.885961
vn -0.463759 0.000000 -0.885961
vn -0.463757 0.000000 0.885963
vn -0.463757 0.000000 0.885963
vn -0.463758 0.000000 -0.885962
vn -0.463758 0.000000 -0.885962
vn -0.463758 0.000000 0.885962
vn -0.463758 0.000000 0.885962
vn -0.463760 0.000000 -0.885961
vn -0.463761 0.000000 -0.885961
vn -0.463759 0.000000 0.885962
vn -0.362843 0.000000 0.931850
vn -0.463760 0.000000 -0.885961
vn -0.362842 0.000000 -0.931851
vn -0.463760 0.000000 0.885961
vn -0.233856 0.000000 0.972271
vn -0.463757 0.000000 -0.885962
vn -0.233852 0.000000 -0.972272
vn -0.395875 -0.918305 0.000000
vn -0.395874 -0.918305 0.000000
vn -0.362397 -0.932024 0.000000
vn -0.332355 -0.943155 0.000000
vn -0.395874 -0.918305 0.000000
vn -0.395874 -0.918305 0.000000
vn -0.395874 -0.918305 0.000000
vn -0.395874 -0.918305 0.000000
vn -0.395874 -0.918305 0.000000
vn -0.395874 -0.918305 0.000000
vn -0.395874 -0.918305 0.000000
vn -0.362397 -0.932024 0.000000
vn -0.395874 -0.918305 0.000000
vn -0.332355 -0.943155 0.000000
vn 0.299288 0.433923 0.849787
vn 0.477984 0.000000 0.878369
vn -0.107456 0.965624 0.236692
vn -0.142530 0.975654 0.166685
vn -0.159349 0.978345 0.132092
vn -0.107456 0.965624 0.236692
vn 0.015246 -0.033991 -0.999306
vn 0.127077 -0.300404 -0.945309
vn 0.127077 -0.300404 -0.945309
vn -0.026339 0.065027 -0.997536
vn 0.000000 -0.025980 -0.999662
vn 0.000000 -0.025980 -0.999663
vn 0.000000 -0.025980 -0.999662
vn 0.000000 -0.025980 -0.999662
vn 0.585494 -0.804652 -0.098653
vn 0.585494 -0.804652 -0.098653
vn 0.585494 -0.804652 -0.098653
vn 0.585494 -0.804652 -0.098653
vn -0.271400 0.962467 0.000000
vn -0.271400 0.962467 0.000000
vn -0.038513 0.094010 -0.994826
vn -0.038513 0.094010 -0.994826
vn -0.173579 0.979494 0.102279
vn -0.173579 0.979494 0.102279
vn -0.009765 0.000000 -0.999952
vn -0.009765 0.000000 -0.999952
vn -0.299290 0.433926 0.849784
vn 0.142531 0.975654 0.166686
vn 0.107458 0.965624 0.236694
vn 0.107458 0.965624 0.236694
vn 0.159350 0.978345 0.132094
vn -0.477990 0.000000 0.878366
vn -0.127077 -0.300399 -0.945310
vn -0.015247 -0.033990 -0.999306
vn 0.026339 0.065027 -0.997536
vn -0.127077 -0.300399 -0.945310
vn 0.000000 -0.025980 -0.999662
vn 0.000000 -0.025980 -0.999662
vn 0.000000 -0.025980 -0.999662
vn 0.000000 -0.025980 -0.999663
vn -0.585508 -0.804641 -0.098656
vn -0.585508 -0.804641 -0.098656
vn -0.585508 -0.804641 -0.098656
vn -0.585508 -0.804642 -0.098656
vn 0.038513 0.094010 -0.994826
vn 0.038513 0.094010 -0.994826
vn 0.271402 0.962466 0.000000
vn 0.271402 0.962466 0.000000
vn 0.009764 0.000000 -0.999952
vn 0.009764 0.000000 -0.999952
vn 0.173580 0.979494 0.102281
vn 0.173580 0.979494 0.102281
vn -0.142531 -0.975654 0.166685
vn -0.107456 -0.965624 0.236691
vn -0.107456 -0.965624 0.236691
vn -0.159349 -0.978345 0.132093
vn 0.477984 0.000000 0.878368
vn 0.299288 -0.433923 0.849787
vn 0.585496 0.804650 -0.098653
vn 0.585496 0.804650 -0.098653
vn 0.585496 0.804650 -0.098653
vn 0.585496 0.804650 -0.098653
vn 0.000000 0.025980 -0.999663
vn 0.000000 0.025980 -0.999662
vn 0.000000 0.025980 -0.999662
vn 0.000000 0.025980 -0.999662
vn 0.127077 0.300403 -0.945309
vn 0.015247 0.033990 -0.999306
vn -0.026338 -0.065028 -0.997536
vn 0.127077 0.300403 -0.945309
vn -0.173580 -0.979494 0.102280
vn -0.173580 -0.979494 0.102280
vn -0.009764 0.000000 -0.999952
vn -0.009764 0.000000 -0.999952
vn -0.271400 -0.962467 0.000000
vn -0.271400 -0.962467 0.000000
vn -0.038513 -0.094010 -0.994826
vn -0.038513 -0.094010 -0.994826
vn 0.107457 -0.965624 0.236692
vn 0.142531 -0.975654 0.166685
vn 0.159349 -0.978345 0.132094
vn 0.107457 -0.965624 0.236692
vn -0.299290 -0.433926 0.849785
vn -0.477989 0.000000 0.878366
vn 0.000000 0.025980 -0.999662
vn 0.000000 0.025980 -0.999662
vn 0.000000 0.025980 -0.999662
vn 0.000000 0.025980 -0.999662
vn -0.585503 0.804645 -0.098655
vn -0.585503 0.804645 -0.098655
vn -0.585503 0.804645 -0.098655
vn -0.585503 0.804645 -0.098655
vn -0.015246 0.033990 -0.999306
vn -0.127077 0.300400 -0.945310
vn -0.127077 0.300400 -0.945310
vn 0.026339 -0.065026 -0.997536
vn 0.173580 -0.979494 0.102281
vn 0.173580 -0.979494 0.102281
vn 0.009765 0.000000 -0.999952
vn 0.009765 0.000000 -0.999952
vn 0.271402 -0.962466 0.000000
vn 0.271402 -0.962466 0.000000
vn 0.038514 -0.094009 -0.994826
vn 0.038514 -0.094009 -0.994826
vn 0.015239 0.033991 0.999306
vn 0.127077 0.300404 0.945309
vn 0.127077 0.300404 0.945309
vn -0.026348 -0.065027 0.997536
vn 0.000000 0.025980 0.999662
vn 0.000000 0.025980 0.999663
vn 0.000000 0.025980 0.999662
vn 0.000000 0.025980 0.999662
vn 0.585494 0.804652 0.098653
vn 0.585494 0.804652 0.098653
vn 0.585494 0.804652 0.098653
vn 0.585494 0.804652 0.098653
vn 0.299287 -0.433923 -0.849787
vn 0.477983 0.000000 -0.878369
vn -0.107456 -0.965624 -0.236692
vn -0.142530 -0.975654 -0.166685
vn -0.159349 -0.978345 -0.132092
vn -0.107456 -0.965624 -0.236692
vn -0.173579 -0.979494 -0.102279
vn -0.173579 -0.979494 -0.102279
vn -0.009769 0.000000 0.999952
vn -0.009769 0.000000 0.999952
vn -0.271400 -0.962467 0.000000
vn -0.271400 -0.962467 0.000000
vn -0.038523 -0.094010 0.994826
vn -0.038523 -0.094010 0.994826
vn -0.127077 0.300399 0.945310
vn -0.015239 0.033990 0.999306
vn 0.026349 -0.065027 0.997536
vn -0.127077 0.300399 0.945310
vn 0.000000 0.025980 0.999662
vn 0.000000 0.025980 0.999662
vn 0.000000 0.025980 0.999662
vn 0.000000 0.025980 0.999663
vn -0.585508 0.804641 0.098656
vn -0.585508 0.804641 0.098656
vn -0.585508 0.804641 0.098656
vn -0.585508 0.804642 0.098656
vn 0.142531 -0.975654 -0.166686
vn 0.107458 -0.965624 -0.236694
vn 0.107458 -0.965624 -0.236694
vn 0.159350 -0.978345 -0.132094
vn 0.173580 -0.979494 -0.102281
vn 0.173580 -0.979494 -0.102281
vn 0.009763 0.000000 0.999952
vn 0.009763 0.000000 0.999952
vn 0.271402 -0.962466 0.000000
vn 0.271402 -0.962466 0.000000
vn 0.038525 -0.094010 0.994826
vn 0.038525 -0.094010 0.994826
vn 0.000000 -0.045554 -0.998962
vn -0.015928 -0.005115 -0.999860
vn 0.422294 -0.884665 -0.197574
vn 0.422294 -0.884665 -0.197574
vn 0.422294 -0.884665 -0.197574
vn 0.422294 -0.884665 -0.197574
vn -0.017940 0.000000 -0.999839
vn -0.205363 0.968015 0.144131
vn -0.205363 0.968015 0.144131
vn -0.205363 0.968015 0.144131
vn -0.205363 0.968015 0.144131
vn -0.142531 0.975654 -0.166685
vn -0.107456 0.965624 -0.236691
vn -0.107456 0.965624 -0.236691
vn -0.159349 0.978345 -0.132093
vn 0.477988 0.000000 -0.878367
vn 0.299290 0.433923 -0.849786
vn 0.585496 -0.804650 0.098653
vn 0.585496 -0.804650 0.098653
vn 0.585496 -0.804650 0.098653
vn 0.585496 -0.804650 0.098653
vn 0.000000 -0.025980 0.999663
vn 0.000000 -0.025980 0.999662
vn 0.000000 -0.025980 0.999662
vn 0.000000 -0.025980 0.999662
vn 0.127077 -0.300403 0.945309
vn 0.015239 -0.033990 0.999306
vn -0.026349 0.065028 0.997536
vn 0.127077 -0.300403 0.945309
vn -0.038524 0.094010 0.994826
vn -0.038524 0.094010 0.994826
vn -0.271400 0.962467 0.000000
vn -0.271400 0.962467 0.000000
vn -0.009763 0.000000 0.999952
vn -0.009763 0.000000 0.999952
vn -0.173580 0.979494 -0.102280
vn -0.173580 0.979494 -0.102280
vn 0.107457 0.965624 -0.236692
vn 0.142531 0.975654 -0.166685
vn 0.159349 0.978345 -0.132094
vn 0.107457 0.965624 -0.236692
vn -0.299289 0.433926 -0.849785
vn -0.477988 0.000000 -0.878367
vn 0.000000 -0.025980 0.999662
vn 0.000000 -0.025980 0.999662
vn 0.000000 -0.025980 0.999662
vn 0.000000 -0.025980 0.999662
vn -0.585503 -0.804645 0.098655
vn -0.585503 -0.804645 0.098655
vn -0.585503 -0.804645 0.098655
vn -0.585503 -0.804645 0.098655
vn -0.015240 -0.033990 0.999306
vn -0.127077 -0.300400 0.945310
vn -0.127077 -0.300400 0.945310
vn 0.026348 0.065026 0.997536
vn 0.271402 0.962466 0.000000
vn 0.271402 0.962466 0.000000
vn 0.038524 0.094009 0.994826
vn 0.038524 0.094009 0.994826
vn 0.173580 0.979494 -0.102281
vn 0.173580 0.979494 -0.102281
vn 0.009769 0.000000 0.999952
vn 0.009769 0.000000 0.999952
s 1
g pCube11
usemtl initialShadingGroup
f 498/1/1 499/2/2 500/588/3 501/10/4
f 499/2/2 502/586/5 503/587/6 500/588/3
f 296/3/7 298/4/8 299/444/9 297/442/10
f 298/4/8 300/5/11 301/445/12 299/444/9
f 300/5/11 302/6/13 303/446/14 301/445/12
f 302/6/13 304/7/15 305/447/16 303/446/14
f 514/591/17 515/8/18 516/589/19 517/590/20
f 515/8/18 518/9/21 519/18/22 516/589/19
f 501/10/4 500/588/3 504/592/23 505/593/24
s 4
f 1/11/25 2/12/26 9/21/27 8/20/28
f 2/12/26 3/13/29 10/22/30 9/21/27
f 3/13/29 4/14/31 11/23/32 10/22/30
f 4/14/31 5/15/33 12/24/34 11/23/32
f 5/15/33 6/16/35 13/25/36 12/24/34
f 6/16/35 7/17/37 14/26/38 13/25/36
s 1
f 516/589/19 519/18/22 520/594/39 521/595/40
s 5
f 308/19/41 307/449/42 311/451/43 312/28/44
s 4
f 8/20/28 9/21/27 16/30/45 15/29/46
f 9/21/27 10/22/30 17/31/47 16/30/45
f 10/22/30 11/23/32 18/32/48 17/31/47
f 11/23/32 12/24/34 19/33/49 18/32/48
f 12/24/34 13/25/36 20/34/50 19/33/49
f 13/25/36 14/26/38 21/35/51 20/34/50
s 6
f 310/450/52 309/27/53 313/36/54 314/452/55
s 5
f 312/28/44 311/451/43 315/453/56 316/37/57
s 4
f 15/29/46 16/30/45 23/39/58 22/38/59
f 16/30/45 17/31/47 24/40/60 23/39/58
f 17/31/47 18/32/48 25/41/61 24/40/60
f 18/32/48 19/33/49 26/42/62 25/41/61
f 19/33/49 20/34/50 27/43/63 26/42/62
f 20/34/50 21/35/51 28/44/64 27/43/63
s 6
f 314/452/55 313/36/54 317/45/65 318/454/66
s 5
f 316/37/57 315/453/56 319/455/67 320/46/68
s 4
f 22/38/59 23/39/58 30/48/69 29/47/70
f 23/39/58 24/40/60 31/49/71 30/48/69
f 24/40/60 25/41/61 32/50/72 31/49/71
f 25/41/61 26/42/62 33/51/73 32/50/72
f 26/42/62 27/43/63 34/52/74 33/51/73
f 27/43/63 28/44/64 35/53/75 34/52/74
s 6
f 318/454/66 317/45/65 321/54/76 322/456/77
s 5
f 320/46/68 319/455/67 323/457/78 324/55/79
s 4
f 29/47/70 30/48/69 37/57/80 36/56/81
f 30/48/69 31/49/71 38/58/82 37/57/80
f 31/49/71 32/50/72 39/59/83 38/58/82
f 32/50/72 33/51/73 40/60/84 39/59/83
f 33/51/73 34/52/74 41/61/85 40/60/84
f 34/52/74 35/53/75 42/62/86 41/61/85
s 6
f 322/456/77 321/54/76 325/63/87 326/458/88
s 7
f 530/596/89 531/597/90 532/598/91 533/64/92
s 4
f 36/56/81 37/57/80 44/66/93 43/65/94
f 37/57/80 38/58/82 45/67/95 44/66/93
f 38/58/82 39/59/83 46/68/96 45/67/95
f 39/59/83 40/60/84 47/69/97 46/68/96
f 40/60/84 41/61/85 48/70/98 47/69/97
f 41/61/85 42/62/86 49/71/99 48/70/98
s 7
f 546/599/100 547/600/101 548/72/102 549/601/103
f 533/64/92 532/598/91 534/74/104 535/73/105
f 532/598/91 536/602/106 537/603/107 534/74/104
f 329/461/108 331/462/109 332/76/110 330/75/111
f 331/462/109 333/463/112 334/77/113 332/76/110
f 333/463/112 335/464/114 336/78/115 334/77/113
f 335/464/114 337/465/116 338/79/117 336/78/115
f 550/604/118 549/601/103 551/80/119 552/605/120
f 549/601/103 548/72/102 553/81/121 551/80/119
s 11
f 535/73/122 534/74/123 538/607/124 539/82/125
f 534/74/123 537/603/126 540/606/127 538/607/124
s 12
f 330/75/128 332/76/129 341/468/130 340/466/131
f 332/76/129 334/77/132 342/469/133 341/468/130
f 334/77/132 336/78/134 343/470/135 342/469/133
f 336/78/134 338/79/136 344/471/137 343/470/135
s 13
f 552/605/138 551/80/139 554/608/140 555/609/141
f 551/80/139 553/81/142 556/90/143 554/608/140
s 11
f 539/82/125 538/607/124 541/610/144 542/611/145
s 14
f 50/83/146 51/84/147 58/93/148 57/92/149
f 51/84/147 52/85/150 59/94/151 58/93/148
f 52/85/150 53/86/152 60/95/153 59/94/151
f 53/86/152 54/87/154 61/96/155 60/95/153
f 54/87/154 55/88/156 62/97/157 61/96/155
f 55/88/156 56/89/158 63/98/159 62/97/157
s 13
f 554/608/140 556/90/143 557/612/160 558/613/161
s 15
f 347/91/162 346/473/163 350/475/164 351/100/165
s 14
f 57/92/149 58/93/148 65/102/166 64/101/167
f 58/93/148 59/94/151 66/103/168 65/102/166
f 59/94/151 60/95/153 67/104/169 66/103/168
f 60/95/153 61/96/155 68/105/170 67/104/169
f 61/96/155 62/97/157 69/106/171 68/105/170
f 62/97/157 63/98/159 70/107/172 69/106/171
s 16
f 349/474/173 348/99/174 352/108/175 353/476/176
s 15
f 351/100/165 350/475/164 354/477/177 355/109/178
s 14
f 64/101/167 65/102/166 72/111/179 71/110/180
f 65/102/166 66/103/168 73/112/181 72/111/179
f 66/103/168 67/104/169 74/113/182 73/112/181
f 67/104/169 68/105/170 75/114/183 74/113/182
f 68/105/170 69/106/171 76/115/184 75/114/183
f 69/106/171 70/107/172 77/116/185 76/115/184
s 16
f 353/476/176 352/108/175 356/117/186 357/478/187
s 15
f 355/109/178 354/477/177 358/479/188 359/118/189
s 14
f 71/110/180 72/111/179 79/120/190 78/119/191
f 72/111/179 73/112/181 80/121/192 79/120/190
f 73/112/181 74/113/182 81/122/193 80/121/192
f 74/113/182 75/114/183 82/123/194 81/122/193
f 75/114/183 76/115/184 83/124/195 82/123/194
f 76/115/184 77/116/185 84/125/196 83/124/195
s 16
f 357/478/187 356/117/186 360/126/197 361/480/198
s 15
f 359/118/189 358/479/188 362/481/199 363/127/200
s 14
f 78/119/191 79/120/190 86/129/201 85/128/202
f 79/120/190 80/121/192 87/130/203 86/129/201
f 80/121/192 81/122/193 88/131/204 87/130/203
f 81/122/193 82/123/194 89/132/205 88/131/204
f 82/123/194 83/124/195 90/133/206 89/132/205
f 83/124/195 84/125/196 91/134/207 90/133/206
s 16
f 361/480/198 360/126/197 364/135/208 365/482/209
s 11
f 562/614/210 563/615/211 564/616/212 565/136/213
s 14
f 85/128/202 86/129/201 93/138/214 92/137/215
f 86/129/201 87/130/203 94/139/216 93/138/214
f 87/130/203 88/131/204 95/140/217 94/139/216
f 88/131/204 89/132/205 96/141/218 95/140/217
f 89/132/205 90/133/206 97/142/219 96/141/218
f 90/133/206 91/134/207 98/143/220 97/142/219
s 13
f 578/617/221 579/618/222 580/144/223 581/619/224
s 11
f 565/136/213 564/616/212 566/146/225 567/145/226
f 564/616/212 568/620/227 569/621/228 566/146/225
s 19
f 368/485/229 370/486/230 371/148/231 369/147/232
f 370/486/230 372/487/233 373/149/234 371/148/231
f 372/487/233 374/488/235 375/150/236 373/149/234
f 374/488/235 376/489/237 377/151/238 375/150/236
s 13
f 582/622/239 581/619/224 583/152/240 584/623/241
f 581/619/224 580/144/223 585/153/242 583/152/240
s 20
f 567/145/243 566/146/244 570/625/245 571/154/246
f 566/146/244 569/621/247 572/624/248 570/625/245
f 369/147/249 371/148/250 380/492/251 379/490/252
f 371/148/250 373/149/253 381/493/254 380/492/251
f 373/149/253 375/150/255 382/494/256 381/493/254
f 375/150/255 377/151/257 383/495/258 382/494/256
f 584/623/259 583/152/260 586/496/261 587/626/262
f 583/152/260 585/153/263 588/162/264 586/496/261
f 571/154/246 570/625/245 573/627/265 574/628/266
s 23
f 99/155/267 100/156/268 107/165/269 106/164/270
f 100/156/268 101/157/271 108/166/272 107/165/269
f 101/157/271 102/158/273 109/167/274 108/166/272
f 102/158/273 103/159/275 110/168/276 109/167/274
f 103/159/275 104/160/277 111/169/278 110/168/276
f 104/160/277 105/161/279 112/170/280 111/169/278
s 20
f 586/496/261 588/162/264 589/629/281 590/630/282
s 24
f 385/163/283 384/497/284 388/499/285 389/172/286
s 23
f 106/164/270 107/165/269 114/174/287 113/173/288
f 107/165/269 108/166/272 115/175/289 114/174/287
f 108/166/272 109/167/274 116/176/290 115/175/289
f 109/167/274 110/168/276 117/177/291 116/176/290
f 110/168/276 111/169/278 118/178/292 117/177/291
f 111/169/278 112/170/280 119/179/293 118/178/292
s 25
f 387/498/294 386/171/295 390/180/296 391/500/297
s 24
f 389/172/286 388/499/285 392/501/298 393/181/299
s 23
f 113/173/288 114/174/287 121/183/300 120/182/301
f 114/174/287 115/175/289 122/184/302 121/183/300
f 115/175/289 116/176/290 123/185/303 122/184/302
f 116/176/290 117/177/291 124/186/304 123/185/303
f 117/177/291 118/178/292 125/187/305 124/186/304
f 118/178/292 119/179/293 126/188/306 125/187/305
s 25
f 391/500/297 390/180/296 394/189/307 395/502/308
s 24
f 393/181/299 392/501/298 396/503/309 397/190/310
s 23
f 120/182/301 121/183/300 128/192/311 127/191/312
f 121/183/300 122/184/302 129/193/313 128/192/311
f 122/184/302 123/185/303 130/194/314 129/193/313
f 123/185/303 124/186/304 131/195/315 130/194/314
f 124/186/304 125/187/305 132/196/316 131/195/315
f 125/187/305 126/188/306 133/197/317 132/196/316
s 25
f 395/502/308 394/189/307 398/198/318 399/504/319
s 24
f 397/190/310 396/503/309 400/505/320 401/199/321
s 23
f 127/191/312 128/192/311 135/201/322 134/200/323
f 128/192/311 129/193/313 136/202/324 135/201/322
f 129/193/313 130/194/314 137/203/325 136/202/324
f 130/194/314 131/195/315 138/204/326 137/203/325
f 131/195/315 132/196/316 139/205/327 138/204/326
f 132/196/316 133/197/317 140/206/328 139/205/327
s 25
f 399/504/319 398/198/318 402/207/329 403/506/330
s 26
f 597/631/331 598/632/332 599/633/333 600/208/334
s 23
f 134/200/323 135/201/322 142/210/335 141/209/336
f 135/201/322 136/202/324 143/211/337 142/210/335
f 136/202/324 137/203/325 144/212/338 143/211/337
f 137/203/325 138/204/326 145/213/339 144/212/338
f 138/204/326 139/205/327 146/214/340 145/213/339
f 139/205/327 140/206/328 147/215/341 146/214/340
s 26
f 613/634/342 614/635/343 615/216/344 616/636/345
f 600/208/334 599/633/333 601/218/346 602/217/347
f 599/633/333 603/637/348 604/638/349 601/218/346
f 406/509/350 408/510/351 409/220/352 407/219/353
f 408/510/351 410/511/354 411/221/355 409/220/352
f 410/511/354 412/512/356 413/222/357 411/221/355
f 412/512/356 414/513/358 415/223/359 413/222/357
f 617/639/360 616/636/345 618/224/361 619/640/362
f 616/636/345 615/216/344 620/225/363 618/224/361
s 30
f 602/217/364 601/218/365 605/642/366 606/226/367
f 601/218/365 604/638/368 607/641/369 605/642/366
s 31
f 407/219/370 409/220/371 418/516/372 417/514/373
f 409/220/371 411/221/374 419/517/375 418/516/372
f 411/221/374 413/222/376 420/518/377 419/517/375
f 413/222/376 415/223/378 421/519/379 420/518/377
s 32
f 619/640/380 618/224/381 621/643/382 622/644/383
f 618/224/381 620/225/384 623/234/385 621/643/382
s 30
f 606/226/367 605/642/366 608/645/386 609/646/387
s 33
f 148/227/388 149/228/389 156/237/390 155/236/391
f 149/228/389 150/229/392 157/238/393 156/237/390
f 150/229/392 151/230/394 158/239/395 157/238/393
f 151/230/394 152/231/396 159/240/397 158/239/395
f 152/231/396 153/232/398 160/241/399 159/240/397
f 153/232/398 154/233/400 161/242/401 160/241/399
s 32
f 621/643/382 623/234/385 624/647/402 625/648/403
s 34
f 424/235/404 423/521/405 427/523/406 428/244/407
s 33
f 155/236/391 156/237/390 163/246/408 162/245/409
f 156/237/390 157/238/393 164/247/410 163/246/408
f 157/238/393 158/239/395 165/248/411 164/247/410
f 158/239/395 159/240/397 166/249/412 165/248/411
f 159/240/397 160/241/399 167/250/413 166/249/412
f 160/241/399 161/242/401 168/251/414 167/250/413
s 35
f 426/522/415 425/243/416 429/252/417 430/524/418
s 34
f 428/244/407 427/523/406 431/525/419 432/253/420
s 33
f 162/245/409 163/246/408 170/255/421 169/254/422
f 163/246/408 164/247/410 171/256/423 170/255/421
f 164/247/410 165/248/411 172/257/424 171/256/423
f 165/248/411 166/249/412 173/258/425 172/257/424
f 166/249/412 167/250/413 174/259/426 173/258/425
f 167/250/413 168/251/414 175/260/427 174/259/426
s 35
f 430/524/418 429/252/417 433/261/428 434/526/429
s 34
f 432/253/420 431/525/419 435/527/430 436/262/431
s 33
f 169/254/422 170/255/421 177/264/432 176/263/433
f 170/255/421 171/256/423 178/265/434 177/264/432
f 171/256/423 172/257/424 179/266/435 178/265/434
f 172/257/424 173/258/425 180/267/436 179/266/435
f 173/258/425 174/259/426 181/268/437 180/267/436
f 174/259/426 175/260/427 182/269/438 181/268/437
s 35
f 434/526/429 433/261/428 437/270/439 438/528/440
s 34
f 436/262/431 435/527/430 439/529/441 440/271/442
s 33
f 176/263/433 177/264/432 184/273/443 183/272/444
f 177/264/432 178/265/434 185/274/445 184/273/443
f 178/265/434 179/266/435 186/275/446 185/274/445
f 179/266/435 180/267/436 187/276/447 186/275/446
f 180/267/436 181/268/437 188/277/448 187/276/447
f 181/268/437 182/269/438 189/278/449 188/277/448
s 35
f 438/528/440 437/270/439 441/279/450 442/530/451
s 30
f 506/649/452 507/650/453 508/651/454 509/280/455
s 33
f 183/272/444 184/273/443 191/282/456 190/281/457
f 184/273/443 185/274/445 192/283/458 191/282/456
f 185/274/445 186/275/446 193/284/459 192/283/458
f 186/275/446 187/276/447 194/285/460 193/284/459
f 187/276/447 188/277/448 195/286/461 194/285/460
f 188/277/448 189/278/449 196/287/462 195/286/461
s 32
f 522/652/463 523/653/464 524/288/465 525/654/466
s 30
f 509/280/455 508/651/454 499/290/467 498/289/468
f 508/651/454 510/655/469 502/656/470 499/290/467
s 38
f 445/533/471 446/534/472 298/292/473 296/291/474
f 446/534/472 447/535/475 300/293/476 298/292/473
f 447/535/475 448/536/477 302/294/478 300/293/476
f 448/536/477 449/537/479 304/295/480 302/294/478
s 32
f 526/657/481 525/654/466 515/296/482 514/658/483
f 525/654/466 524/288/465 518/297/484 515/296/482
s 39
f 623/299/485 620/298/486 615/306/487 626/659/488
f 624/661/489 623/299/485 626/659/488 627/660/490
s 40
f 429/301/491 425/300/492 451/539/493 452/540/494
f 433/302/495 429/301/491 452/540/494 453/541/496
f 437/303/497 433/302/495 453/541/496 454/542/498
f 441/304/499 437/303/497 454/542/498 455/543/500
s 41
f 524/305/501 523/662/502 527/663/503 528/664/504
f 518/9/505 524/305/501 528/664/504 519/18/506
s 39
f 626/659/488 615/306/487 614/665/507 628/666/508
s 42
f 198/308/509 197/307/510 204/315/511 205/316/512
f 199/309/513 198/308/509 205/316/512 206/317/514
f 200/310/515 199/309/513 206/317/514 207/318/516
f 201/311/517 200/310/515 207/318/516 208/319/518
f 202/312/519 201/311/517 208/319/518 209/320/520
f 203/313/521 202/312/519 209/320/520 210/321/522
s 41
f 519/18/506 528/664/504 529/667/523 520/594/524
s 43
f 457/545/525 402/314/526 398/322/527 459/547/528
s 42
f 205/316/512 204/315/511 211/323/529 212/324/530
f 206/317/514 205/316/512 212/324/530 213/325/531
f 207/318/516 206/317/514 213/325/531 214/326/532
f 208/319/518 207/318/516 214/326/532 215/327/533
f 209/320/520 208/319/518 215/327/533 216/328/534
f 210/321/522 209/320/520 216/328/534 217/329/535
s 44
f 309/27/536 458/546/537 460/548/538 313/36/539
s 43
f 459/547/528 398/322/527 394/330/540 461/549/541
s 42
f 212/324/530 211/323/529 218/331/542 219/332/543
f 213/325/531 212/324/530 219/332/543 220/333/544
f 214/326/532 213/325/531 220/333/544 221/334/545
f 215/327/533 214/326/532 221/334/545 222/335/546
f 216/328/534 215/327/533 222/335/546 223/336/547
f 217/329/535 216/328/534 223/336/547 224/337/548
s 44
f 313/36/539 460/548/538 462/550/549 317/45/550
s 43
f 461/549/541 394/330/540 390/338/551 463/551/552
s 42
f 219/332/543 218/331/542 225/339/553 226/340/554
f 220/333/544 219/332/543 226/340/554 227/341/555
f 221/334/545 220/333/544 227/341/555 228/342/556
f 222/335/546 221/334/545 228/342/556 229/343/557
f 223/336/547 222/335/546 229/343/557 230/344/558
f 224/337/548 223/336/547 230/344/558 231/345/559
s 44
f 317/45/550 462/550/549 464/552/560 321/54/561
s 43
f 463/551/552 390/338/551 386/346/562 465/553/563
s 42
f 226/340/554 225/339/553 232/347/564 233/348/565
f 227/341/555 226/340/554 233/348/565 234/349/566
f 228/342/556 227/341/555 234/349/566 235/350/567
f 229/343/557 228/342/556 235/350/567 236/351/568
f 230/344/558 229/343/557 236/351/568 237/352/569
f 231/345/559 230/344/558 237/352/569 238/353/570
s 44
f 321/54/561 464/552/560 466/554/571 325/63/572
s 45
f 591/668/573 589/669/574 588/354/575 592/670/576
s 42
f 233/348/565 232/347/564 239/355/577 240/356/578
f 234/349/566 233/348/565 240/356/578 241/357/579
f 235/350/567 234/349/566 241/357/579 242/358/580
f 236/351/568 235/350/567 242/358/580 243/359/581
f 237/352/569 236/351/568 243/359/581 244/360/582
f 238/353/570 237/352/569 244/360/582 245/361/583
s 46
f 547/600/584 559/671/585 560/672/586 548/72/587
s 45
f 592/670/576 588/354/575 585/362/588 580/363/589
f 593/673/590 592/670/576 580/363/589 579/674/591
s 47
f 470/558/592 469/557/593 364/364/594 360/365/595
f 471/559/596 470/558/592 360/365/595 356/366/597
f 472/560/598 471/559/596 356/366/597 352/367/599
f 473/561/600 472/560/598 352/367/599 348/368/601
s 46
f 560/672/586 561/675/602 557/676/603 556/369/604
f 548/72/587 560/672/586 556/369/604 553/81/605
s 48
f 602/370/606 606/371/607 610/679/608 600/378/609
f 606/371/607 609/677/610 611/678/611 610/679/608
s 49
f 424/372/612 428/373/613 476/564/614 475/562/615
f 428/373/613 432/374/616 477/565/617 476/564/614
f 432/374/616 436/375/618 478/566/619 477/565/617
f 436/375/618 440/376/620 479/567/621 478/566/619
s 50
f 506/682/622 509/377/623 511/680/624 512/681/625
f 509/377/623 498/1/626 501/10/627 511/680/624
s 48
f 600/378/609 610/679/608 612/683/628 597/684/629
s 51
f 246/379/630 247/380/631 254/388/632 253/387/633
f 247/380/631 248/381/634 255/389/635 254/388/632
f 248/381/634 249/382/636 256/390/637 255/389/635
f 249/382/636 250/383/638 257/391/639 256/390/637
f 250/383/638 251/384/640 258/392/641 257/391/639
f 251/384/640 252/385/642 259/393/643 258/392/641
s 50
f 511/680/624 501/10/627 505/593/644 513/685/645
s 52
f 401/386/646 481/569/647 483/571/648 397/394/649
s 51
f 253/387/633 254/388/632 261/396/650 260/395/651
f 254/388/632 255/389/635 262/397/652 261/396/650
f 255/389/635 256/390/637 263/398/653 262/397/652
f 256/390/637 257/391/639 264/399/654 263/398/653
f 257/391/639 258/392/641 265/400/655 264/399/654
f 258/392/641 259/393/643 266/401/656 265/400/655
s 53
f 482/570/657 308/19/658 312/28/659 484/572/660
s 52
f 397/394/649 483/571/648 485/573/661 393/402/662
s 51
f 260/395/651 261/396/650 268/404/663 267/403/664
f 261/396/650 262/397/652 269/405/665 268/404/663
f 262/397/652 263/398/653 270/406/666 269/405/665
f 263/398/653 264/399/654 271/407/667 270/406/666
f 264/399/654 265/400/655 272/408/668 271/407/667
f 265/400/655 266/401/656 273/409/669 272/408/668
s 53
f 484/572/660 312/28/659 316/37/670 486/574/671
s 52
f 393/402/662 485/573/661 487/575/672 389/410/673
s 51
f 267/403/664 268/404/663 275/412/674 274/411/675
f 268/404/663 269/405/665 276/413/676 275/412/674
f 269/405/665 270/406/666 277/414/677 276/413/676
f 270/406/666 271/407/667 278/415/678 277/414/677
f 271/407/667 272/408/668 279/416/679 278/415/678
f 272/408/668 273/409/669 280/417/680 279/416/679
s 53
f 486/574/671 316/37/670 320/46/681 488/576/682
s 52
f 389/410/673 487/575/672 489/577/683 385/418/684
s 51
f 274/411/675 275/412/674 282/420/685 281/419/686
f 275/412/674 276/413/676 283/421/687 282/420/685
f 276/413/676 277/414/677 284/422/688 283/421/687
f 277/414/677 278/415/678 285/423/689 284/422/688
f 278/415/678 279/416/679 286/424/690 285/423/689
f 279/416/679 280/417/680 287/425/691 286/424/690
s 53
f 488/576/682 320/46/681 324/55/692 490/578/693
s 54
f 574/686/694 575/687/695 576/688/696 571/426/697
s 51
f 281/419/686 282/420/685 289/428/698 288/427/699
f 282/420/685 283/421/687 290/429/700 289/428/698
f 283/421/687 284/422/688 291/430/701 290/429/700
f 284/422/688 285/423/689 292/431/702 291/430/701
f 285/423/689 286/424/690 293/432/703 292/431/702
f 286/424/690 287/425/691 294/433/704 293/432/703
s 55
f 543/689/705 530/596/706 533/64/707 544/690/708
s 54
f 571/426/697 576/688/696 565/435/709 567/434/710
f 576/688/696 577/691/711 562/692/712 565/435/709
s 56
f 493/581/713 494/582/714 359/437/715 363/436/716
f 494/582/714 495/583/717 355/438/718 359/437/715
f 495/583/717 496/584/719 351/439/720 355/438/718
f 496/584/719 497/585/721 347/440/722 351/439/720
s 55
f 545/693/723 544/690/708 539/441/724 542/694/725
f 544/690/708 533/64/707 535/73/726 539/441/724
s 57
f 2/12/727 1/11/728 295/443/729 297/442/730
f 3/13/731 2/12/727 297/442/730 299/444/732
f 4/14/733 3/13/731 299/444/732 301/445/734
f 5/15/735 4/14/733 301/445/734 303/446/736
f 6/16/737 5/15/735 303/446/736 305/447/738
f 7/17/739 6/16/737 305/447/738 306/448/740
s 58
f 1/11/741 8/20/742 307/449/743 295/443/744
s 59
f 14/26/745 7/17/746 306/448/747 310/450/748
s 58
f 8/20/742 15/29/749 311/451/750 307/449/743
s 59
f 21/35/751 14/26/745 310/450/748 314/452/752
s 58
f 15/29/749 22/38/753 315/453/754 311/451/750
s 59
f 28/44/755 21/35/751 314/452/752 318/454/756
s 58
f 22/38/753 29/47/757 319/455/758 315/453/754
s 59
f 35/53/759 28/44/755 318/454/756 322/456/760
s 58
f 29/47/757 36/56/761 323/457/762 319/455/758
s 59
f 42/62/763 35/53/759 322/456/760 326/458/764
s 58
f 36/56/761 43/65/765 327/459/766 323/457/762
s 59
f 49/71/767 42/62/763 326/458/764 328/460/768
s 60
f 43/65/769 44/66/770 329/461/771 327/459/772
f 44/66/770 45/67/773 331/462/774 329/461/771
f 45/67/773 46/68/775 333/463/776 331/462/774
f 46/68/775 47/69/777 335/464/778 333/463/776
f 47/69/777 48/70/779 337/465/780 335/464/778
f 48/70/779 49/71/781 328/460/782 337/465/780
s 61
f 51/84/783 50/83/784 339/467/785 340/466/786
f 52/85/787 51/84/783 340/466/786 341/468/788
f 53/86/789 52/85/787 341/468/788 342/469/790
f 54/87/791 53/86/789 342/469/790 343/470/792
f 55/88/793 54/87/791 343/470/792 344/471/794
f 56/89/795 55/88/793 344/471/794 345/472/796
s 11
f 50/83/797 57/92/798 346/473/799 339/467/800
s 13
f 63/98/801 56/89/802 345/472/803 349/474/804
s 11
f 57/92/798 64/101/805 350/475/806 346/473/799
s 13
f 70/107/807 63/98/801 349/474/804 353/476/808
s 11
f 64/101/805 71/110/809 354/477/810 350/475/806
s 13
f 77/116/811 70/107/807 353/476/808 357/478/812
s 11
f 71/110/809 78/119/813 358/479/814 354/477/810
s 13
f 84/125/815 77/116/811 357/478/812 361/480/816
s 11
f 78/119/813 85/128/817 362/481/818 358/479/814
s 13
f 91/134/819 84/125/815 361/480/816 365/482/820
s 11
f 85/128/817 92/137/821 366/483/822 362/481/818
s 13
f 98/143/823 91/134/819 365/482/820 367/484/824
s 63
f 92/137/825 93/138/826 368/485/827 366/483/828
f 93/138/826 94/139/829 370/486/830 368/485/827
f 94/139/829 95/140/831 372/487/832 370/486/830
f 95/140/831 96/141/833 374/488/834 372/487/832
f 96/141/833 97/142/835 376/489/836 374/488/834
f 97/142/835 98/143/837 367/484/838 376/489/836
s 64
f 100/156/839 99/155/840 378/491/841 379/490/842
f 101/157/843 100/156/839 379/490/842 380/492/844
f 102/158/845 101/157/843 380/492/844 381/493/846
f 103/159/847 102/158/845 381/493/846 382/494/848
f 104/160/849 103/159/847 382/494/848 383/495/850
s off
f 595/695/851 594/696/852 587/626/853 586/496/854
s 65
f 99/155/855 106/164/856 384/497/857 378/491/858
s off
f 596/697/859 595/695/860 586/496/861 590/630/862
s 65
f 106/164/856 113/173/863 388/499/864 384/497/857
s 66
f 119/179/865 112/170/866 387/498/867 391/500/868
s 65
f 113/173/863 120/182/869 392/501/870 388/499/864
s 66
f 126/188/871 119/179/865 391/500/868 395/502/872
s 65
f 120/182/869 127/191/873 396/503/874 392/501/870
s 66
f 133/197/875 126/188/871 395/502/872 399/504/876
s 65
f 127/191/873 134/200/877 400/505/878 396/503/874
s 66
f 140/206/879 133/197/875 399/504/876 403/506/880
s 65
f 134/200/877 141/209/881 404/507/882 400/505/878
s 66
f 147/215/883 140/206/879 403/506/880 405/508/884
s 67
f 141/209/885 142/210/886 406/509/887 404/507/888
f 142/210/886 143/211/889 408/510/890 406/509/887
f 143/211/889 144/212/891 410/511/892 408/510/890
f 144/212/891 145/213/893 412/512/894 410/511/892
f 145/213/893 146/214/895 414/513/896 412/512/894
f 146/214/895 147/215/897 405/508/898 414/513/896
s 68
f 149/228/899 148/227/900 416/515/901 417/514/902
f 150/229/903 149/228/899 417/514/902 418/516/904
f 151/230/905 150/229/903 418/516/904 419/517/906
f 152/231/907 151/230/905 419/517/906 420/518/908
f 153/232/909 152/231/907 420/518/908 421/519/910
f 154/233/911 153/232/909 421/519/910 422/520/912
s 30
f 148/227/913 155/236/914 423/521/915 416/515/916
s 32
f 161/242/917 154/233/918 422/520/919 426/522/920
s 30
f 155/236/914 162/245/921 427/523/922 423/521/915
s 32
f 168/251/923 161/242/917 426/522/920 430/524/924
s 30
f 162/245/921 169/254/925 431/525/926 427/523/922
s 32
f 175/260/927 168/251/923 430/524/924 434/526/928
s 30
f 169/254/925 176/263/929 435/527/930 431/525/926
s 32
f 182/269/931 175/260/927 434/526/928 438/528/932
s 30
f 176/263/929 183/272/933 439/529/934 435/527/930
s 32
f 189/278/935 182/269/931 438/528/932 442/530/936
s 30
f 183/272/933 190/281/937 443/531/938 439/529/934
s 32
f 196/287/939 189/278/935 442/530/936 444/532/940
s 70
f 190/281/941 191/282/942 445/533/943 443/531/944
f 191/282/942 192/283/945 446/534/946 445/533/943
f 192/283/945 193/284/947 447/535/948 446/534/946
f 193/284/947 194/285/949 448/536/950 447/535/948
f 194/285/949 195/286/951 449/537/952 448/536/950
f 195/286/951 196/287/953 444/532/954 449/537/952
s 71
f 197/307/955 198/308/956 451/539/957 450/538/958
f 198/308/956 199/309/959 452/540/960 451/539/957
f 199/309/959 200/310/961 453/541/962 452/540/960
f 200/310/961 201/311/963 454/542/964 453/541/962
f 201/311/963 202/312/965 455/543/966 454/542/964
f 202/312/965 203/313/967 456/544/968 455/543/966
s 72
f 204/315/969 197/307/970 450/538/971 457/545/972
s 73
f 203/313/973 210/321/974 458/546/975 456/544/976
s 72
f 211/323/977 204/315/969 457/545/972 459/547/978
s 73
f 210/321/974 217/329/979 460/548/980 458/546/975
s 72
f 218/331/981 211/323/977 459/547/978 461/549/982
s 73
f 217/329/979 224/337/983 462/550/984 460/548/980
s 72
f 225/339/985 218/331/981 461/549/982 463/551/986
s 73
f 224/337/983 231/345/987 464/552/988 462/550/984
s 72
f 232/347/989 225/339/985 463/551/986 465/553/990
s 73
f 231/345/987 238/353/991 466/554/992 464/552/988
s 72
f 239/355/993 232/347/989 465/553/990 467/555/994
s 73
f 238/353/991 245/361/995 468/556/996 466/554/992
s 74
f 240/356/997 239/355/998 467/555/999 469/557/1000
f 241/357/1001 240/356/997 469/557/1000 470/558/1002
f 242/358/1003 241/357/1001 470/558/1002 471/559/1004
f 243/359/1005 242/358/1003 471/559/1004 472/560/1006
f 244/360/1007 243/359/1005 472/560/1006 473/561/1008
f 245/361/1009 244/360/1007 473/561/1008 468/556/1010
s 75
f 247/380/1011 246/379/1012 474/563/1013 475/562/1014
f 248/381/1015 247/380/1011 475/562/1014 476/564/1016
f 249/382/1017 248/381/1015 476/564/1016 477/565/1018
f 250/383/1019 249/382/1017 477/565/1018 478/566/1020
f 251/384/1021 250/383/1019 478/566/1020 479/567/1022
f 252/385/1023 251/384/1021 479/567/1022 480/568/1024
s 76
f 246/379/1025 253/387/1026 481/569/1027 474/563/1028
s 77
f 259/393/1029 252/385/1030 480/568/1031 482/570/1032
s 76
f 253/387/1026 260/395/1033 483/571/1034 481/569/1027
s 77
f 266/401/1035 259/393/1029 482/570/1032 484/572/1036
s 76
f 260/395/1033 267/403/1037 485/573/1038 483/571/1034
s 77
f 273/409/1039 266/401/1035 484/572/1036 486/574/1040
s 76
f 267/403/1037 274/411/1041 487/575/1042 485/573/1038
s 77
f 280/417/1043 273/409/1039 486/574/1040 488/576/1044
s 76
f 274/411/1041 281/419/1045 489/577/1046 487/575/1042
s 77
f 287/425/1047 280/417/1043 488/576/1044 490/578/1048
s 76
f 281/419/1045 288/427/1049 491/579/1050 489/577/1046
s 77
f 294/433/1051 287/425/1047 490/578/1048 492/580/1052
s 78
f 288/427/1053 289/428/1054 493/581/1055 491/579/1056
f 289/428/1054 290/429/1057 494/582/1058 493/581/1055
f 290/429/1057 291/430/1059 495/583/1060 494/582/1058
f 291/430/1059 292/431/1061 496/584/1062 495/583/1060
f 292/431/1061 293/432/1063 497/585/1064 496/584/1062
f 293/432/1063 294/433/1065 492/580/1066 497/585/1064
s 1
f 296/3/7 297/442/10 503/587/6 502/586/5
f 297/442/10 295/443/1067 500/588/3 503/587/6
f 295/698/1067 307/699/1068 504/700/23 500/701/3
s 79
f 307/699/1069 308/702/1070 505/703/1071 504/700/1072
s 80
f 440/704/1073 439/705/1074 507/706/1075 506/707/1076
s 30
f 439/705/934 443/708/938 508/709/454 507/706/453
s off
f 443/710/1077 445/711/1078 510/712/1079 508/713/1080
f 445/711/1081 296/714/1082 502/715/1083 510/712/1084
s 75
f 480/716/1024 479/717/1022 512/718/1085 511/719/1086
s 80
f 479/717/1087 440/720/1073 506/721/1076 512/718/1088
s 79
f 308/722/1070 482/723/1089 513/724/1090 505/725/1071
s 77
f 482/726/1032 480/727/1031 511/728/1091 513/729/1092
s 1
f 306/730/1093 305/731/16 517/732/20 516/733/19
f 305/731/16 304/734/15 514/735/17 517/732/20
s 81
f 309/736/1094 310/737/1095 521/738/1096 520/739/1097
s 1
f 310/740/1098 306/741/1093 516/742/19 521/743/40
s 82
f 442/744/1099 441/745/1100 523/746/1101 522/747/1102
s 32
f 444/748/940 442/749/936 522/750/463 525/751/466
s off
f 449/752/1103 444/753/1104 525/754/1105 526/755/1106
f 304/756/1107 449/757/1108 526/758/1109 514/759/1110
s 82
f 441/760/1100 455/761/1111 527/762/1112 523/763/1101
s 71
f 455/761/966 456/764/968 528/765/1113 527/762/1114
s 73
f 456/766/976 458/767/975 529/768/1115 528/769/1116
s 81
f 458/767/1117 309/770/1094 520/771/1097 529/768/1118
s 83
f 324/772/1119 323/773/1120 531/774/1121 530/775/1122
s 7
f 323/773/1123 327/776/1124 532/777/91 531/774/90
f 327/778/1124 329/779/108 536/780/106 532/781/91
f 329/782/108 330/783/111 537/784/107 536/785/106
s off
f 330/786/1125 340/787/1126 540/788/1127 537/789/1128
f 340/787/1129 339/790/1130 538/791/1131 540/788/1132
s 11
f 339/792/800 346/793/799 541/794/144 538/795/124
s 84
f 346/796/1133 347/797/1134 542/798/1135 541/799/1136
s 83
f 490/800/1137 324/801/1119 530/802/1122 543/803/1138
s 77
f 492/804/1052 490/805/1048 543/806/1139 544/807/1140
s 78
f 497/808/1064 492/809/1066 544/810/1141 545/811/1142
s 84
f 347/812/1134 497/813/1143 545/814/1144 542/815/1135
s 85
f 326/816/1145 325/817/1146 547/818/1147 546/819/1148
s 7
f 328/820/1149 326/821/1150 546/822/100 549/823/103
f 337/824/116 328/825/1149 549/826/103 550/827/118
f 338/828/117 337/829/116 550/830/118 552/831/120
s off
f 345/832/1151 344/833/1152 555/834/1153 554/835/1154
f 344/836/1155 338/837/1156 552/838/1157 555/839/1158
s 86
f 348/840/1159 349/841/1160 558/842/1161 557/843/1162
s 13
f 349/841/804 345/844/803 554/845/140 558/842/161
s 85
f 325/846/1146 466/847/1163 559/848/1164 547/849/1147
s 73
f 466/850/992 468/851/996 560/852/1165 559/853/1166
s 74
f 468/854/1010 473/855/1008 561/856/1167 560/857/1168
s 86
f 473/855/1169 348/858/1159 557/859/1162 561/856/1170
s 87
f 363/860/1171 362/861/1172 563/862/1173 562/863/1174
s 11
f 362/861/818 366/864/822 564/865/212 563/862/211
s off
f 366/866/1175 368/867/1176 568/868/1177 564/869/1178
f 368/867/1179 369/870/1180 569/871/1181 568/868/1182
s 20
f 369/872/249 379/873/252 572/874/248 569/875/247
f 379/873/252 378/876/1183 570/877/245 572/874/248
f 378/878/1183 384/879/1184 573/880/265 570/881/245
s 88
f 384/879/1185 385/882/1186 574/883/1187 573/880/1188
f 385/884/1186 489/885/1189 575/886/1190 574/887/1187
s 76
f 489/888/1046 491/889/1050 576/890/1191 575/891/1192
s 78
f 491/892/1056 493/893/1055 577/894/1193 576/895/1194
s 87
f 493/893/1195 363/896/1171 562/897/1174 577/894/1196
s 89
f 365/898/1197 364/899/1198 579/900/1199 578/901/1200
s 13
f 367/902/824 365/898/820 578/901/221 581/903/224
s off
f 376/904/1201 367/905/1202 581/906/1203 582/907/1204
f 377/908/1205 376/909/1206 582/910/1207 584/911/1208
s 20
f 383/912/258 377/913/257 584/914/259 587/915/262
s 90
f 386/916/1209 387/917/1210 590/918/1211 589/919/1212
f 465/920/1213 386/921/1209 589/922/1212 591/923/1214
s 72
f 467/924/994 465/925/990 591/926/1215 592/927/1216
s 74
f 469/928/1000 467/929/999 592/930/1217 593/931/1218
s 89
f 364/932/1198 469/933/1219 593/934/1220 579/935/1199
s 23
f 105/936/279 104/937/277 594/938/1221 595/939/1222
s off
f 104/940/1223 383/941/1224 587/942/1225 594/943/1226
s 23
f 112/944/280 105/945/279 595/946/1222 596/947/1227
s off
f 387/948/1228 112/949/1229 596/950/1230 590/951/1231
s 91
f 401/952/1232 400/953/1233 598/954/1234 597/955/1235
s 26
f 400/956/1236 404/957/1237 599/958/333 598/959/332
f 404/960/1237 406/961/350 603/962/348 599/963/333
f 406/961/350 407/964/353 604/965/349 603/962/348
s off
f 407/966/1238 417/967/1239 607/968/1240 604/969/1241
f 417/967/1242 416/970/1243 605/971/1244 607/968/1245
s 30
f 416/972/916 423/973/915 608/974/386 605/975/366
s 92
f 423/973/1246 424/976/1247 609/977/1248 608/974/1249
f 424/978/1247 475/979/1250 611/980/1251 609/981/1248
s 75
f 475/979/1014 474/982/1013 610/983/1252 611/980/1253
s 76
f 474/984/1028 481/985/1027 612/986/1254 610/987/1255
s 91
f 481/985/1256 401/988/1232 597/989/1235 612/986/1257
s 93
f 403/990/1258 402/991/1259 614/992/1260 613/993/1261
s 26
f 405/994/1262 403/995/1263 613/996/342 616/997/345
f 414/998/358 405/999/1262 616/1000/345 617/1001/360
f 415/1002/359 414/998/358 617/1001/360 619/1003/362
s off
f 422/1004/1264 421/1005/1265 622/1006/1266 621/1007/1267
f 421/1005/1268 415/1008/1269 619/1009/1270 622/1006/1271
s 94
f 425/1010/1272 426/1011/1273 625/1012/1274 624/1013/1275
s 32
f 426/1014/920 422/1015/919 621/1016/382 625/1017/403
s 71
f 450/1018/958 451/1019/957 627/1020/1276 626/1021/1277
s 94
f 451/1019/1278 425/1022/1272 624/1023/1275 627/1020/1279
s 93
f 402/1024/1259 457/1025/1280 628/1026/1281 614/1027/1260
s 72
f 457/1028/972 450/1029/971 626/1030/1282 628/1031/1283
